ISBN13,Title,Provider,Country,Price,Scanned_Page
2560037268173,COMMENTI AL VANGELO FESTIVO vol. I,Biblioteca di Babele,Italien,6.4,0
2566891087813,Commento al Vangelo quotidiano dal mercoledì delle ceneri al sabato in albis,Biblioteca di Babele,Italien,5.6,0
2566891087820,Commenti al Vangelo festivo Vol. I - II,Biblioteca di Babele,Italien,12.8,0
2566891462986,Commenti al Vangelo festivo Vol. IV: dalla XIV alla XXIV domenica dopo Pentecoste,Biblioteca di Babele,Italien,6.4,0
2568912652628,Commento al Vangelo quotidiano Dal mercoledì delle Ceneri al sabato in Albis,Biblioteca di Babele,Italien,5.6,0
9780160723001,Handbook of North American Indians - Volume 14: Southeast.,Antiquariat Ehbrecht - Preis inkl. MwSt.,Deutschland,652.0,0
9780310934486,NIV Thinline Bible.,Christian Books Australia,Australien,13.4,0
9780316072618,Gossip Girl the Complete Collection,GoldBooks,USA,769.96,0
9780415408073,Underground Space - The 4Th Dimension Of Metropolises,Collectors' Bookstore,Belgien,167.0,0
9780500544464,"The Lost Tribes of Tierra del Fuego: Selk'nam, Yamana, Kawésqar","Reader's Corner, Inc.",USA,470.19,0
9780700711314,The Iranian languages,Bookbot,Tschechien,237.7,0
9780813012698,"Antonin Nechodoma, Architect, 1877 - 1928. The Prairie School in the Caribbean",Joe Maynard,USA,356.21,0
9780826485755,The Translator as Writer,Magus Books Seattle,USA,30.14,0
9780894950506,Sex Signals. The Biology of Love,Bookbot,Tschechien,315.9,0
9781506702612,Manara Erotica Volume 1: Click! and Other Stories,Book Deals,USA,192.47,0
9781556713682,Ethnologue : Languages of Africa and Europe,Bookbot,Tschechien,237.7,0
9781614284727,Fendi Roma,Bookbot,Tschechien,280.9,0
9781850445562,Bills of Exchange and Banker's Documentary Credits,Bookbot,Tschechien,235.7,0
9781903558522,India as a New Global Leader,Bookbot,Tschechien,316.37,0
9781906863043,Lifestyle Illustration of the 60s,Seattle Goodwill,USA,95.64,0
9781912509706,The International Comparative Legal Guide to: Fintech 2019,Bookbot,Tschechien,222.1,0
9783039119523,The Making of a Building,Bookbot,Tschechien,708.68,0
9783110218435,Loanwords in the World s Languages,moluna,Deutschland,268.77,0
9783110220254,The Languages and Linguistics of Europe,moluna,Deutschland,311.39,0
9783110279696,The languages and linguistics of Australia,Bookbot,Tschechien,243.6,0
9783110286427,The languages and linguistics of the New Guinea area,Bookbot,Tschechien,219.9,0
9783110427158,The Languages and Linguistics of South Asia A Comprehensive Guide,Buchpark,Deutschland,275.89,0
9783528131159,Kurbeltriebe,Bookbot,Tschechien,296.6,0
9783791353333,David Lynch,Bookbot,Tschechien,310.4,0
9783827007384,Die Wohlgesinnten,Bookbot,Tschechien,214.07,0
9783832733186,Before they pass away,ma petite librairie,Frankreich,149.0,0
9783865607003,"OLAFUR ELIASSON: TYT [Take Your Time], Vol. 2: Printed Matter.","Ursus Books, Ltd.",USA,80.74,0
9783867877572,All American,Bookbot,Tschechien,474.94,0
9783875845839,"Führer durch das ""lasterhafte"" Berlin",Bookbot,Tschechien,240.6,0
9783903114074,Inspiration Fotografie: Von Makart bis Klimt,Bookbot,Tschechien,573.0,0
9783930944897,Göttinnen Geflüster,Bookbot,Tschechien,262.4,0
9783950001730,Marcel Dupré. Leben und Werk eines Meisterorganisten mit einem Vorwort von Jacques Barzun. Deutsche Übersetzung: Hans Uwe Hilscher. Bildzusammenstellung: Günter Lade. L'Orgue français 3.,Antiquariat Hohmann,Deutschland,280.0,0
9785730000209,Russian Icons 14th-16th centuries,Bookbot,Tschechien,351.4,0
9788884984203,Commenti al Vangelo festivo.,FIRENZELIBRI SRL,Italien,11.0,0
9788884984265,Commento al Vangelo quotidiano dal mercoledì delle ceneri al sabato in albis.,FIRENZELIBRI SRL,Italien,7.0,0
9789004186439,Encyclopedia of Chinese Language and Linguistics. Volume IV,Bookbot,Tschechien,241.4,0
9789004262249,Encyclopedia of Chinese Language and Linguistics. Volume III. Mer - Ser,Bookbot,Tschechien,247.6,0
9780500543658,Here Comes Everybody: Chris Killip's Irish Photographs,Byrd Books,USA,71.13,1
9780521195652,Cambridge Handbook of Language Policy,Libro Co. Italia Srl,Italien,116.31,1
9780521838702,Nonlinear Continuum Mechanics for Finite Element Analysis,Bookbot,Tschechien,201.33,1
9780686209058,Ventriloquism in a Nutshell,SecondSale,USA,197.47,1
9780714105451,French Porcelain: A Catalogue of the British Museum Collection,Burke's Book Store,USA,95.94,1
9780714842851,The Photobook,Collectors' Bookstore,Belgien,64.0,1
9780714845555,"Nobuyoshi Araki : Self, Life, Death",Antiquariat  Udo Schwörer,Deutschland,150.0,1
9780847845101,Chloë Sevigny,Henry Pordes Books Ltd,Vereinigtes Königreich,114.55,1
9780914675174,In Search of Christian Freedom,Bookbot,Tschechien,167.1,1
9780935621488,Greatest Kan and Li: Gathering the Cosmic Light,Dreadnought Books,Vereinigtes Königreich,8.44,1
9780940512351,"Visionary Architects : Boulee, Ledoux, Lequeu",Mahler Books,USA,213.68,1
9780958670012,Planetary Forces Alchemy & Healing,Revaluation Books,Vereinigtes Königreich,56.08,1
9780961749804,"Sing, Clean Your Brain and Stay Sound and Sane: Postulate of Mechanical Effect of Vocalization on the Brain",Buchpark,Deutschland,145.14,1
9780979137723,An Atlas of Radical Cartography,Byrd Books,USA,160.0,1
9780998407500,The Pharmagellan Guide to Biotech Forecasting and Valuation,Recycle Bookstore,USA,52.24,1
9781401228125,Dante's Inferno,HPB-Emerald,USA,63.59,1
9781556713699,Ethnologue: Languages of the Americas and the Pacific,Bookbot,Tschechien,205.0,1
9781760634384,Healthy Thermo Cooking for Busy Families: For All Brands of Thermo Device,WorldofBooks,Vereinigtes Königreich,34.7,1
9781849701358,Know No Fear (19) (Horus Heresy),HPB-Diamond,USA,32.66,1
9781937018122,Ask Leo! Guide to Routine Maintenance,Bookbot,Tschechien,161.06,1
9781938461507,Vladimir Kagan : A Lifetime of Avant-Garde Design,GreatBookPrices,USA,66.81,1
9781974725953,Demon Slayer Complete Box Set,PBShop.store UK,Vereinigtes Königreich,142.86,1
9782953571332,All Gone: The Finest of Street Culture 2012,Bookbot,Tschechien,206.1,1
9783110255133,The Indigenous languages of South America,Bookbot,Tschechien,202.1,1
9783110489712,Directors & officers' (D & O) liability,Bookbot,Tschechien,157.2,1
9783326001500,Die Ahnen Dschingis-Chans,Versandantiquariat Schröter,Deutschland,7.0,1
9783492210324,Elemente und Ursprünge totaler Herrschaft,Rheinberg-Buch Andreas Meier eK,Deutschland,28.0,1
9783492317092,Elemente und Ursprünge totaler Herrschaft,Rheinberg-Buch Andreas Meier eK,Deutschland,28.0,1
9783548031811,"Elemente und Ursprünge totaler Herrschaft, Band 1: Antisemitismus,",Antiquariat Orban & Streu GbR,Deutschland,38.0,1
9783548131825,"Arendt, Hannah: Elemente und Ursprünge totaler Herrschaft; Teil: Bd. 2., Imperialismus. Ullstein-Bücher ; Nr. 3182",Versandantiquariat Schäfer,Deutschland,35.0,1
9783548350844,Elemente und Ursprünge totaler Herrschaft I. Antisemitismus.,Antiquariat Jochen Mohr -Books and Mohr-,Deutschland,26.77,1
9783631375792,"Genanalyse als Verfassungsproblem : Zulässigkeit genanalytischer Anwendungen im Lichte von Menschenwürde und genetischem Selbstbestimmungsrecht. Studien zum internationalen, europäischen und öffentlichen Recht",NEPO UG,Deutschland,149.99,1
9783662545454,Die Erforschung des Chaos : Dynamische Systeme,AHA-BUCH GmbH,Deutschland,149.99,1
9783824804856,Verfügbarkeit und Nutzung menschlicher Ressourcen im Alter. Kernpunkte eines gerontologischen Leitkonzeptes von Mike Martin,BUCHSERVICE / ANTIQUARIAT Lars Lutzer,Deutschland,164.9,1
9783832794217,Pure,Bookbot,Tschechien,190.4,1
9783836502146,Naomi Harris. America Swings: Collectors edition,Antiquariat BuchX,Deutschland,190.2,1
9783836509060,"Naomi Harris, America Swings, Art Edition Viking",Iridium_Books,Spanien,5400.0,1
9783836522281,America swings. The Wondrous Adventures of Naomi Harris in Swingerland (July 2003 to February 2008).,Antiquariat im Lenninger Tal,Deutschland,60.0,1
9783864892233,Die öffentliche Meinung: Wie sie entsteht und manipuliert wird,medimops,Deutschland,23.57,1
9783868288827,Faszination Japan: Monet. Van Gogh. Klimt,Holt Art Books,Vereinigtes Königreich,168.82,1
9788448244040,Josep Renau. Fotomontador,Bookbot,Tschechien,184.0,1
9788846812728,Nathan Der Weise (German Edition),"Webster's Bookstore Cafe, Inc.",USA,186.18,1
9789935483270,Taste of Iceland,Bookbot,Tschechien,182.4,1
52106003959,The Old Man And The Sea (English Original),medimops,Deutschland,5.25,2
194398033020,Bach & Telemann,moluna,Deutschland,12.64,2
761203921027,Telemann: Don Quichotte (Gesamtaufnahme),ABC Versand e.K.,Deutschland,8.6,2
4444006119971,Technik der lichtbildnerei 1921,Gyan Books Pvt. Ltd.,Indien,23.44,2
7619915073424,Diamond Classics - Telemann (Bläserkonzerte/Oboenkonzerte),NEPO UG,Deutschland,3.99,2
8888006769679,Technik der lichtbildnerei 1921 [Hardcover],Gyan Books Pvt. Ltd.,Indien,28.73,2
9780020519102,The Old Man and the Sea: A Scribner Classic,medimops,Deutschland,5.56,2
9780099273967,The Old Man and the Sea (Vintage Classics),medimops,Deutschland,4.99,2
9780099595632,The Old Man and the Sea,medimops,Deutschland,8.03,2
9780099908401,The Old Man and The Sea,medimops,Deutschland,5.81,2
9780199691425,"The Survey of Pidgin and Creole Languages, Volume III: Contact Languages Based on Languages from Africa, Asia, Australia, and the Americas",Windows Booksellers,USA,44.64,2
9780241407622,Beyond Order: 12 More Rules for Life,WorldofBooks,Vereinigtes Königreich,5.23,2
9780387242910,"Oncology: An Evidence-Based Approach (Chang, Oncology)",HPB-Red,USA,38.95,2
9780412371400,"Integration of Robots into CIM Bernard, Roger; Dillman, R.; Hormann, K. and Tierney, K.",Love2Love Books,Vereinigtes Königreich,7.82,2
9780435122164,Old Man and the Sea (New Windmills),medimops,Deutschland,10.99,2
9780586044681,The Old Man and the Sea,medimops,Deutschland,3.92,2
9780684718057,The Old Man and the Sea,medimops,Deutschland,6.95,2
9780684801223,Old Man and the Sea,medimops,Deutschland,5.83,2
9780714844336,The Photobook: A History - Volume 2,Hotdog1947,USA,113.99,2
9780714857626,The Music of Painting,Bookbot,Tschechien,140.7,2
9780809312450,Becoming Alcoholic: Alcoholics Anonymous and the Reality of Alcoholism,Books-R-Keen,USA,9.49,2
9780905712031,Hemingway Omnibus: For Whom the Bell Tolls; The Snows of Kilimanjaro; Fiesta; The Short Happy Life of Francis Macomber; Across the River and Into the Trees; The Old Man and the Sea,WorldofBooks,Vereinigtes Königreich,6.92,2
9780989549721,Thirty Years of Chinese History Studies,Bookbot,Tschechien,140.5,2
9781411469723,Old Man and the Sea SparkNotes Literature Guide: Volume 52 (SparkNotes Literature Guide Series),WeBuyBooks,Vereinigtes Königreich,2.46,2
9781421580814,Bleach Box Set 2 Volumes 22-48 with Premium (Bleach Box Sets),Lakeside Books,USA,139.76,2
9781556713705,Ethnologue,Bookbot,Tschechien,154.5,2
9781586634162,Spark Notes the Old Man and the Sea: Old Man & the Sea,medimops,Deutschland,3.26,2
9781732399976,Ravensong (Green Creek),ZBK Books,USA,63.55,2
9781784965730,The Legend of Sigmar (Warhammer Chronicles),Half Price Books Inc.,USA,71.24,2
9781898592266,The Ismailis,Bookbot,Tschechien,146.02,2
9781939134004,Mesembs. The Titanopsis Group,Bookbot,Tschechien,144.12,2
9782253056249,The old man and the sea,medimops,Deutschland,4.19,2
9783110163834,"Germanen, Germania, Germanische Altertumskunde.",Antiquariat Bookfarm,Deutschland,60.1,2
9783110185881,A grammar of Lao,Bookbot,Tschechien,140.3,2
9783125773714,The Old Man and the Sea: Sekundarstufe II,medimops,Deutschland,6.14,2
9783150090756,The Old Man and the Sea,medimops,Deutschland,3.83,2
9783190001507,The Old Man and the Sea. Huebers fremdsprachliche Texte,medimops,Deutschland,6.55,2
9783200024403,Menschenbilder aus anderen Welten,Bookbot,Tschechien,130.08,2
9783334003794,Ku?nstliche Besamung bei Nutztieren,Bookbot,Tschechien,132.5,2
9783426265727,Das holographische Universum,Bookbot,Tschechien,139.7,2
9783531174365,"Die Neue Frauenbewegung in Deutschland: Abschied vom kleinen Unterschied Eine Quellensammlung (German Edition) [Hardcover] Lenz, Ilse",Brook Bookstore,Italien,135.04,2
9783540208228,General Ultrasound In the Critically Ill,Bookbot,Tschechien,139.4,2
9783740200800,"Schwarzwildreport: Mein Leben unter Wildschweinen Meynhardt, Heinz",BUCHSERVICE / ANTIQUARIAT Lars Lutzer,Deutschland,34.95,2
9783741601170,Lucifer - Mein Wille geschehe: Bd. 2,Antiquariat BuchX,Deutschland,127.2,2
9783784424408,Jesus lebte in Indien,Bookbot,Tschechien,135.2,2
9783812277778,The Old Man and the Sea: Ernest Hemingway,WeBuyBooks 2,Vereinigtes Königreich,1.48,2
9783840410680,"Reitkunst im Fokus: Die  Energetik"" der Leichtigkeit nach Dr. Stodulka Pferde gesund reiten medizinische Reitlehre Medizinische Klassische Reitlehre Arbeit an der Hand, Langer Zügel Doppellonge Reiter Sattel Tierarzt Veterinärmedizin Fachtierarzt Physiotherapie Rehabilitationsmedizin ambulante Pferde- und eine Kleintierpraxis Betreuungstierarzt Königliche andalusische Hofreitschule REAAE Jerez Fachtierarztprüfungskommission für Physiotherapie und Rehabilitationsmedizin Wien Zuchtverband des Pferdes reiner spanischer Rasse PRE Cria Caballar spanische Körkommission Dr. Robert Stodulka",BUCHSERVICE / ANTIQUARIAT Lars Lutzer,Deutschland,139.0,2
9783851570779,Übungsbuch zu Wortschatz und Stil mit Synonymenverzeichnis: Für die 5. bis 9. Schulstufe,medimops,Deutschland,11.52,2
9783866421257,"Sechs Sonaten - Band 2 - für zwei gleiche Saxophone von Georg Philipp Telemann. Spielbuch. Musiknoten. Für Altsaxophon, Tenorsaxophon, Sopransaxophon - eingerichtet von Hans-Jörg Fischer",Buchpark,Deutschland,11.81,2
9783868261042,Karten der Seele,Bookbot,Tschechien,131.2,2
9783896045157,Bibel,Bookbot,Tschechien,155.2,2
9783902312211,Trude Fleischmann - Der Selbstbewusste Blick,medimops,Deutschland,88.74,2
9783955698089,Ein Mann namens Ove,Bookbot,Tschechien,145.39,2
9788074646867,I was not able to visit the entire show. A play for two actors and a choir,Bookbot,Tschechien,137.43,2
9788087888216,The Old Man and the Sea,WorldofBooks,Vereinigtes Königreich,5.74,2
9788181320278,The Old Man and the Sea,Majestic Books,Vereinigtes Königreich,1.72,2
9788408001805,El Viejo Y El Mar/the Old Man and the Sea,medimops,Deutschland,3.68,2
9788408026266,El Viejo Y El Mar / the Old Man And the Sea,Ammareal,Frankreich,3.0,2
9788432021145,El Viejo Y El Mar/the Old Man and the Sea,medimops,Deutschland,3.63,2
9788483065303,El Viejo Y El Mar/the Old Man And the Sea (Narrativa),medimops,Deutschland,11.99,2
9788494509643,Cartier in Motion,Bookbot,Tschechien,143.77,2
9788854401334,Denmark,Bookbot,Tschechien,131.4,2
9789004203839,Implementing International Economic Law,Bookbot,Tschechien,141.96,2
9789058096180,Understanding Water in a Dry Environment _ Hydrological Processes in arid and semi-arid zones,San Francisco Book Company,Frankreich,70.0,2
9789659083305,"Peptides 2004 : Proceedings of the Third International and Twenty-Eighth European Peptide Symposium: September 5-10, 2004 Prague",Bookbot,Tschechien,135.17,2
9789681501761,El Viejo y el Mar / The Old Man And The Sea,Hamelyn,Spanien,3.99,2
9789986851943,Anti-Communist Congress and Tribunal Proceedings,Bookbot,Tschechien,137.6,2
9790007056551,"Telemann: Jauchzet, ihr Himmel (TVWV 1:957). Partitur",medimops,Deutschland,9.61,2
9790007095994,Telemann: Zwölf Spruchkanons. Partitur,medimops,Deutschland,4.2,2
9790202320259,Deutsche Klaviermusik des 17. und 18. Jahrhunderts Band 5Telemann Ouvertüren 4-6,Smartbuy,Deutschland,8.2,2
9780001720138,Mr Sparks to the rescue,Bookbot,Tschechien,1.5,3
9780007271436,Sleepover Girls on Horseback (The Sleepover Club),medimops,Deutschland,3.18,3
9780140294767,Spy by Nature,medimops,Deutschland,3.63,3
9780194766074,New Matrix - Pre-intermediate: Student's Book,Bookbot,Tschechien,115.7,3
9780230470200,Othello,Iridium_Books,Spanien,88.56,3
9780415353397,The world's major languages,Bookbot,Tschechien,114.7,3
9780471496625,The Cell Cycle and Development,Wonder Book,USA,18.99,3
9780563214557,Make Money Make Money,medimops,Deutschland,2.58,3
9780563215288,The Colour Eye,medimops,Deutschland,3.09,3
9780575082700,Elric Of Melnibone,Collectors' Bookstore,Belgien,85.0,3
9780582748088,ARCHIT & BUILDING CONSTRUCTION,medimops,Deutschland,3.18,3
9780801863967,Theory of the Novel: A Historical Approach,"The Book Cellar, LLC",USA,59.37,3
9780805397901,Genetic Recombination,medimops,Deutschland,3.63,3
9780817009243,Overcoming Communication Barriers in the Church,medimops,Deutschland,2.58,3
9780864422071,Lonely Planet China (Lonely Planet Travel Survival Kit),medimops,Deutschland,3.63,3
9780864422767,Lao Phrasebook Lonely Planet Language Survival Kits,medimops,Deutschland,2.62,3
9780864423818,Laos (Lonely Planet Laos),medimops,Deutschland,3.14,3
9780870333477,Chadwick the Crab,medimops,Deutschland,3.18,3
9780870333774,CHADWICK & THE GARPLEGRUNGEN,medimops,Deutschland,3.63,3
9780874402315,"Kiss, Then Tell",medimops,Deutschland,2.58,3
9780880129268,Handwriting Traditional Cursive Homework Booklet (Homework Booklets),medimops,Deutschland,2.58,3
9780895244734,Roxette: Look Sharp!,HPB Inc.,USA,33.54,3
9780898387476,Head and Neck Management of the Cancer Patient,Bookbot,Tschechien,120.2,3
9780908086573,Thailand (Lonely Planet Phrasebook),medimops,Deutschland,2.58,3
9780937325117,Women and Nutrition,medimops,Deutschland,3.18,3
9780940111035,Unconditional Love and Forgiveness,ThriftBooks-Atlanta,USA,69.82,3
9781138801981,The Routledge Handbook of Migration and Language (Routledge Handbooks in Applied Linguistics),BooksRun,USA,126.27,3
9781338034523,"March of the Vanderpants (Notebook of Doom, Band 12)",medimops,Deutschland,2.58,3
9781338314762,"Hydrant-Hydra: A Branches Book (the Binder of Doom #4), Volume 4",medimops,Deutschland,2.58,3
9781405199476,Identity and Participation in Culturally Diverse Societies: A Multidisciplinary Perspective,Campus Bookstore,USA,23.66,3
9781419705564,Louis Vuitton : The Birth of Modern Luxury,GreatBookPricesUK,Vereinigtes Königreich,88.67,3
9781448653492,"Happily Domesticated: Musings on Life, Love, Parenthood, Malfunctioning Appliances and Marital Bliss",medimops,Deutschland,3.18,3
9781472434463,Urban Grassroots Movements in Central and Eastern Europe (Cities and Society),Chaucer Bookshop ABA ILAB,Vereinigtes Königreich,97.67,3
9781490540139,Survival:: A Moral Response to Global Warming,medimops,Deutschland,3.18,3
9781504328425,"The Sensational Salesman: A Second Chance Story: Providing a Simple Path to Improving Your Relationships, Career, and Life",medimops,Deutschland,2.58,3
9781566918015,Moon Cabo: Including La Paz and Todos Santos,medimops,Deutschland,2.58,3
9781582701646,John of God: The Brazilian Healer Who's Touched the Lives of Millions: Healing Through Love,medimops,Deutschland,3.63,3
9781592336685,Sex Games Mini Book (Quiver Minis),medimops,Deutschland,2.58,3
9781734303841,Thrust,Dream Books Co.,USA,94.99,3
9781740591904,Myanmar (Burma),Bookbot,Tschechien,1.3,3
9781740593564,Thailand,Bookbot,Tschechien,1.5,3
9781786330994,The Anglo-Saxons,Bookbot,Tschechien,118.9,3
9781799839798,Real-Time and Retrospective Analyses of Cyber Security,Bookbot,Tschechien,115.2,3
9781933952260,The Photograph: Composition and Color Design,Goodwill,USA,2.8,3
9781937538064,The Photograph: Composition and Color Design,Hippo Books,USA,49.8,3
9782280201803,Cette fille est dangereuse - playing games,medimops,Deutschland,3.18,3
9782859173999,Diego Giacometti,Bookbot,Tschechien,118.6,3
9783000294099,João de Deus,medimops,Deutschland,3.63,3
9783030912246,"Civic and Uncivic Values in the Czech Republic : Value Transformation, Politics, Education, and Gender Equality",Bookbot,Tschechien,117.5,3
9783110269970,Medical malpractice and compensation in global perspective,Bookbot,Tschechien,120.0,3
9783224111370,Putzis weitere lustige Streiche,medimops,Deutschland,27.49,3
9783423702294,Feuer über Virginia.,medimops,Deutschland,2.58,3
9783502612117,"Aufwachen zu dem, der du bist: Die Zen-Unterweisungen des Meisters Linji die Zen-Unterweisungen des Meisters Linji",Book Broker,Deutschland,123.15,3
9783658235543,Gesunde Gestaltung : Priming- und Placebo-Effekte als gesundheitsverhaltenswirksame empiriegestützte Gestaltungsmethodik,AHA-BUCH GmbH,Deutschland,84.99,3
9783702300548,Clemens Holzmeister. Architekt in der Zeitenwende. Selbstbiografie. Werkvereichnis.,Antiquariat Kunsthaus-Adlerstrasse,Deutschland,80.0,3
9783702503253,Gau der guten Nerven. Die nationalsozialistische Herrschaft in Salzburg 1938 - 1945.,ANTIQUARIAT BÜCHERBERG Martin Walkner,Österreich,108.0,3
9783791350929,Geschichte der Rekonstruktion - Konstruktion der Geschichte,Bookbot,Tschechien,126.5,3
9783832796785,Senses,Bookbot,Tschechien,114.9,3
9783836539487,Mario Testino. Private View,Holt Art Books,Vereinigtes Königreich,60.29,3
9783854282525,Einfu?hrung in die Kostenrechnung,Bookbot,Tschechien,115.04,3
9783861273424,Barockes Reiten nach F.R. de la Guérinière. Über die Ausbildung des Pferdes,Studibuch,Deutschland,69.31,3
9783861878902,Side by Side. The Journal of a Small Town Boy,Bookbot,Tschechien,117.12,3
9783867871051,Still side by side,Bookbot,Tschechien,125.2,3
9783893226184,Kunst + Design. Donald Judd.,Antiquariat & Verlag Jenior,Deutschland,120.0,3
9783900803261,Wittgenstein,Bookbot,Tschechien,127.8,3
9783908247319,Heteroptera: Texte in Englisch,medimops,Deutschland,43.97,3
9785842500017,Anglo-russkiy I Russko-angliyskiy Sovremennyy Slovar' + Grammatika),Bookbot,Tschechien,125.4,3
9787800051357,Creation of Gods II,Bookbot,Tschechien,126.1,3
9788880586340,Friuli. Path of flavours,Bookbot,Tschechien,121.19,3
9788890040009,Le Marche 'Terra sconosciuta'/Marches - The Undiscovered Territory (Italian and English Edition),Blindpig Books,USA,90.55,3
9789020938869,Flemish tapestry,Bookbot,Tschechien,115.5,3
9789020947212,INVITATIONS,Koster's Collectible Books,USA,85.48,3
9789633860106,"Czechoslovak Diplomacy and the Gulag: Deportation of Czechoslovak Citizens in the USSR and the Negotiation for Their Repatriation, 1945-1953: . Negotiation for Their Repatriation, 1945-1953",Brook Bookstore,Italien,95.78,3
9789839439984,A Map of the Journey,Bookbot,Tschechien,121.5,3
9780043012734,Feminist Experiences,Bookbot,Tschechien,108.6,4
9780128013687,Lanzkowsky's Manual of Pediatric Hematology and Oncology,Books From California,USA,94.43,4
9780323544702,Point of Care Ultrasound,Book Deals,USA,86.49,4
9780692686621,Tatau - Marks of Polynesia,Bookbot,Tschechien,106.0,4
9780714842929,BRAZIL'S MODERN ARCHITECTURE,LIBRERIA LEA+,Chile,96.2,4
9780733316531,1001 Albums You Must Hear Before You Die,Books@Ruawai,Neuseeland,17.47,4
9780754672760,Planning in Crisis?: Theoretical Orientations for Architecture and Planning,Juggernautz,USA,18.51,4
9780789313713,1001 Albums You Must Hear Before You Die: (cfr: 9781844033928),WorldofBooks,Vereinigtes Königreich,42.45,4
9780789320742,1001 Albums You Must Hear Before You Die: Revised and Updated Edition,Pieuler Store,Vereinigtes Königreich,81.55,4
9780849328954,Crop Ferality and Volunteerism,Corner of a Foreign Field,Japan,38.0,4
9780930267322,"Dictionary of Commercial, Financial and Legal Terms",Bookbot,Tschechien,113.31,4
9781402024108,Vavilov-Cherenkov and Synchrotron Radiation,Bookbot,Tschechien,109.3,4
9781407186788,The Illustrated World of Mortal Engines - 4x Signed with Signed Print Mint New 1st Print Hardcover,UKBookworm,Vereinigtes Königreich,90.44,4
9781474293389,PHOTOGRAPHY & FAILURE,moluna,Deutschland,113.55,4
9781569712276,Dirty Pair: Dangerous Acquaintances,ZBK Books,USA,85.16,4
9781843766889,The Welfare Economics of Public Policy,Bookbot,Tschechien,114.1,4
9781844033928,1001 Albums: You Must Hear Before You Die (1001 Must Before You Die),WorldofBooks,Vereinigtes Königreich,5.12,4
9781844036240,1001 Albums You Must Hear Before You Die,AwesomeBooks,Vereinigtes Königreich,4.05,4
9781844036998,1001 Albums You Must Hear Before You Die,GoldBooks,USA,35.56,4
9781844037353,1001: Albums You Must Hear Before You Die,WorldofBooks,Vereinigtes Königreich,20.93,4
9781844038909,1001 Albums You Must Hear Before You Die,PAPER CAVALIER UK,Vereinigtes Königreich,72.6,4
9782847070187,Motorcycle Yearbook 2002,Bookbot,Tschechien,114.6,4
9783110546002,Product liability,Bookbot,Tschechien,107.3,4
9783319805689,Logotherapy and Existential Analysis,Bookbot,Tschechien,109.3,4
9783319988290,The Philosophy of Affordances (New Directions in Philosophy and Cognitive Science),GoldenWavesOfBooks,USA,71.08,4
9783540658030,"Erlebens- und Verhaltenssto?rungen, Abha?ngigkeit und Suizid",Bookbot,Tschechien,109.3,4
9783702905491,Glauben und Wissen,Bookbot,Tschechien,107.2,4
9783777498003,Wandmalerei der Giottozeit in Italien 1280-1400 (German Edition),Arundel Books,USA,94.99,4
9783794528899,Nuklearmedizin,Bookbot,Tschechien,114.1,4
9783836520201,"The Little Book of Pin-Up Vargas: The War Years, 1940-1946",GoldBooks,USA,24.16,4
9783836554565,75 Years of DC Comics: The Art of Modern Mythmaking,"Book Merchant Jenkins, ANZAAB / ILAB",Australien,93.03,4
9783850766050,Globalized Psychotherapy,Bookbot,Tschechien,109.76,4
9783854984009,Paradies Wachau. Gemaltes Kulturerbe,medimops,Deutschland,7.48,4
9783855800100,Schwester Agnes erzählt weiter Aus dem Tagebuch einer Gemeindeschwester,Book Broker,Deutschland,110.83,4
9783889274359,Agenda Setting und Internet,Bookbot,Tschechien,106.54,4
9783895782091,Ro?ntgenaufnahmetechnik,Bookbot,Tschechien,104.8,4
9783899550429,Autograf: New York City's Graffiti Writers By Peter Sutherland,The land of Nod - art & books,Belgien,65.0,4
9783908644866,Baphomet,Bookbot,Tschechien,109.3,4
9783921392188,Der kleine Eichborn,Bookbot,Tschechien,109.3,4
9783925369445,Goldschmiedekunst,Bookbot,Tschechien,105.9,4
9783934613942,Gefangen im arktischen Eis,Bookbot,Tschechien,110.4,4
9783942473774,Familienporträts. Fotografien 1974-1994.,Antiquariat Matthias Wagner,Deutschland,100.1,4
9785717200776,Ivan the Fool. Russian Folk Belief. A Cultural History,Bookbot,Tschechien,105.82,4
9788087073292,"Great villas of Bohemia, Moravia and Silesia",Cotswold Internet Books,Vereinigtes Königreich,102.5,4
9788425339783,1001 Discos Que Hay Que Escuchar Antes de Morir / 1001 Albums You Must Hear Before You Die (Spanish Edition),Iridium_Books,Spanien,119.0,4
9788425341816,1001 discos que hay que escuchar antes de morir/ 1001 Albums You Most Hear Before You Die (Spanish Edition),Iridium_Books,Spanien,349.0,4
9788425343308,1001 discos que hay que eschucar antes de morir/ 1001 Albums You Must Hear Before You Die (Spanish Edition),Iridium_Books,Spanien,575.96,4
9788425350887,1001 discos que hay que escuchar antes de morir / 1001 Albums You Must Hear Before You Die (Spanish Edition),Iridium_Books,Spanien,349.0,4
9788896527009,Lucca Encounters the World,Bookbot,Tschechien,111.6,4
9789083065557,Rijks. Masters of the Golden Age,Bookbot,Tschechien,109.1,4
9789812790606,Differential Geometry and Its Applications,Bookbot,Tschechien,113.7,4
9789934819735,Movement. Visvaldis Ziedi??,Bookbot,Tschechien,108.54,4
9780194766081,New Matrix - Pre-Intermediate: Workbook,Bookbot,Tschechien,96.5,5
9780304361205,The U-Boat The Evolution and Technical History of German Submarines,"Isaiah Thomas Books & Prints, Inc.",USA,38.0,5
9780443074905,The Practice of Chinese Medicine,Bookbot,Tschechien,102.77,5
9780691117362,Landscape with Rowers: Poetry from the Netherlands (English and Dutch Edition),Book Alley,USA,6.18,5
9780860015437,The Clash: The Words and Music of 20 Clash Songs,The Book Bin,USA,56.99,5
9780951849712,The Complete Richard Allen Volume One _ Skinhead Suedehead Skinhead Escapes,San Francisco Book Company,Frankreich,85.0,5
9780952755111,Sins Plus Other Spacial Relatives,Bookbot,Tschechien,101.9,5
9781118977651,The Wiley Blackwell Handbook of the Psychology of Positivity and Strengths-Based Approaches at Work,Bookbot,Tschechien,98.1,5
9781412972666,SAGE Handbook of Mixed Methods in Social & Behavioral Research,WeBuyBooks,Vereinigtes Königreich,71.12,5
9781506714332,B.P.R.D.: 1946-1948,Bookbot,Tschechien,102.5,5
9781880985083,King Ink,knew_4_you,USA,61.74,5
9781933762043,The Fundamentals of Piping Design (Process Piping Design),HPB-Red,USA,53.19,5
9783124122001,Grundriß der Geschichte II. - Die moderne Welt,Bookbot,Tschechien,0.92,5
9783205989080,Ruinen erza?hlen,Bookbot,Tschechien,100.66,5
9783257209921,Das Dorf. Roman.,medimops,Deutschland,7.87,5
9783440098592,Das perfekte Flintenschießen: Anschlagen und zielen (Gebundene Ausgabe) von Heinz Oppermann (Autor),BUCHSERVICE / ANTIQUARIAT Lars Lutzer,Deutschland,61.59,5
9783447059282,"Slavistische Studienbücher, Neue Folge, Band. 20: Handbuch der Eurolinguistik unter Mitarbeit von Petra Himstedt-Vaid",Antiquariat Mäander Quell,Deutschland,73.7,5
9783486272598,Wissenschaftliches Arbeiten für Soziologen,medimops,Deutschland,4.35,5
9783701702480,"Oberösterreich, Salzburg, Tirol, Vorarlberg, Bd I",medimops,Deutschland,80.4,5
9783760810195,Die Kraft der Mythen. Bilder der Seele im Leben des Menschen,Antiquariat Mäander Quell,Deutschland,75.1,5
9783764363383,I send you this cadmium red .,Bookbot,Tschechien,97.3,5
9783770119721,Emilia-Romagna,Bookbot,Tschechien,99.5,5
9783800132652,Die Freiland-Schmuckstauden A-H. Band 1,Bookbot,Tschechien,78.9,5
9783800656837,Das große Handbuch Innovation 555 Methoden und Instrumente für mehr Kreativität und Innovation im Unternehmen,Buchpark,Deutschland,81.12,5
9783805348591,Seeungeheuer und Monsterfische,Bookbot,Tschechien,101.4,5
9783828904002,Welt Geschichte. Die Altorientalischen Reiche II,Bookbot,Tschechien,2.9,5
9783828905108,Welt geschichte,Bookbot,Tschechien,2.2,5
9783832176600,Migration,Bookbot,Tschechien,97.85,5
9783848000081,Florence Art and Architecture,Idle Booksellers PBFA,Vereinigtes Königreich,60.29,5
9783854461005,Internationale Zone Kriminalroman,Antiquariat Buchhandel Daniel Viertel,Deutschland,96.91,5
9783860703069,Welt Geschichte Von der Urzeit bis zur Gegenwart,Bookbot,Tschechien,3.0,5
9783863352462,Mary Heilmann: Good Vibrations,GoldenDragon,USA,4.6,5
9783867310093,Intention: Mit Gedankenkraft die Welt verändern - Globale Experimente mit fokussierter Energie,Buchhandlung Loken-Books,Deutschland,51.05,5
9783867877671,"Red Hot 100: 128 Pages, Full Color, Hardcover with Dust Jacket, 10.25 X 13.5",ThriftBooks-Dallas,USA,93.08,5
9783870708252,Illustriertes Lexikon der Welt Geschichte,Bookbot,Tschechien,6.2,5
9783884797822,Das Bauzeug der Geschichte,Bookbot,Tschechien,98.5,5
9783887092139,Das umstrittene Experiment. Der Mensch,Bookbot,Tschechien,101.79,5
9783889520937,Kalifornien,Bookbot,Tschechien,96.64,5
9783898129985,Entschwundene Stadt,Bookbot,Tschechien,100.77,5
9783899498134,Loss of Housekeeping Capacity (Tort and Insurance Law),killarneybooks,Irland,65.5,5
9783902732330,Von Stalin zu Putin,Bookbot,Tschechien,100.66,5
9783905770322,A Retrospective (tomorrow Is Another Fine Day) - Rirkrit Tir,Juanpebooks,USA,93.35,5
9783935567466,Mona Hatoum: Unhomely,EightDeerBooks,USA,85.49,5
9783993000868,"Josef Frank : Schriften/Writings Band 1,2",Bookbot,Tschechien,96.8,5
9788085770490,Oldrich Kulhanek: Drawings and Prints 1964/1996,Historien & Lexica,Niederlande,100.0,5
9788363678067,French Flying Boats of WWII,Bookbot,Tschechien,100.66,5
9789813149854,"Probabilistic Methods In The Theory Of Structures: Strength Of Materials, Random Vibrations, And Random Buckling [Soft Cover ]",booksXpress,USA,55.49,5
2566891464812,Botticelli e l'età di Lorenzo il Magnifico,Biblioteca di Babele,Italien,4.8,6
2568912652130,"Botticelli e l'età di Lorenzo il Magnifico Filippo Lippi, Antonio e Piero del Pollaiolo, Andrea del Verrocchio, Domenico Ghirlandaio, Pietro Perugino, Leonardo, Filippino Lippi, Piero di Cosimo, Fra' Bartolomeo",Biblioteca di Babele,Italien,6.4,6
4444006506382,Der Motor in Kriegsdiensten,Gyan Books Pvt. Ltd.,Indien,13.94,6
8888006854894,Der Motor in Kriegsdiensten [Hardcover],Gyan Books Pvt. Ltd.,Indien,20.48,6
9780008105754,The Art of the Lord of the Rings,MusicMagpie,Vereinigtes Königreich,54.25,6
9780071547673,Design for six sigma. A roadmap for product development.,Antiquariat Bookfarm,Deutschland,16.6,6
9780128044056,Global Energy Interconnection,Bookbot,Tschechien,89.5,6
9780307961464,April Twilights and Other Poems: Foreword by Robert Thacker (Everyman's Library Pocket Poets Series),Hippo Books,USA,5.45,6
9780333567340,ABC of Common Grammatical Errors: For Learners and Teachers of English (ELT),WorldofBooks,Vereinigtes Königreich,6.99,6
9780364474457,Der Motor in Kriegsdiensten Classic Reprint,PBShop.store US,USA,34.08,6
9780415287500,The Political Unconscious: Narrative as a Socially Symbolic Act (Routledge Classics),Chiron Media,Vereinigtes Königreich,94.66,6
9780470904039,Fixed Income Securities: Tools for Today's Markets,BookHolders,USA,36.94,6
9780656585632,Der Motor in Kriegsdiensten (Classic Reprint),PBShop.store US,USA,19.97,6
9780803200111,April Twilights,ThriftBooks-Atlanta,USA,6.28,6
9780803214484,April Twilights (Landmark Edition),Hippo Books,USA,10.83,6
9780803258518,April Twilights (Bison Book),Anybook.com,Vereinigtes Königreich,3.23,6
9780810961043,"Gerhard Richter. October 18, 1977",Bookbot,Tschechien,94.46,6
9780939386079,Who are you and why are you here?: How to find your way back home to your true inner self,ThriftBooks-Dallas,USA,85.76,6
9781409564287,Sticker Dressing Greek Myths (Usborne Sticker Dressing),WorldofBooks,Vereinigtes Königreich,5.78,6
9781496216649,April Twilights (1903),moluna,Deutschland,17.67,6
9781529325287,How To,Bookbot,Tschechien,91.1,6
9781529376920,These Hollow Vows,moluna,Deutschland,13.44,6
9781529394801,Fleabag: The Scriptures,BooksElleven,USA,71.16,6
9781529510188,Loki: A Bad God's Guide to Taking the Blame,Bahamut Media,Vereinigtes Königreich,90.44,6
9781556854811,April Twilights And More Plus Poems By Emerson,The Yard Sale Store,USA,5.69,6
9781597112734,Larry Fink on Composition and Improvisation: The Photography Workshop Series,BooksRun,USA,52.81,6
9781786980014,Tooth Preparations Science & Art,Vuestros Libros,Spanien,93.1,6
9781787376007,"Willa Cather - April Twilights: ""Whatever we had missed, we possessed together the precious, the incommunicable past""",Revaluation Books,Vereinigtes Königreich,12.53,6
9781841597942,April Twilights and Other Poems,Kennys Bookshop and Art Galleries Ltd.,Irland,13.43,6
9781847875778,The SAGE Handbook of Governance,Bookbot,Tschechien,91.9,6
9781849703475,Shadows of Treachery (22) (Horus Heresy),HPB-Emerald,USA,37.99,6
9781935429098,Air Gear - Volume 18,Bookbot,Tschechien,93.0,6
9782810500086,Botticelli et l'ère de Laurent de Médicis - Collection les grands maîtres de l'art tome 9.,Le-Livre,Frankreich,35.8,6
9783442052769,"Flieh, wenn du kannst.",medimops,Deutschland,4.39,6
9783442306336,"Flieh, wenn du kannst",medimops,Deutschland,4.55,6
9783442432622,"Flieh, wenn du kannst",Bookbot,Tschechien,1.4,6
9783442448241,"Flieh, wenn du kannst, Sonderausgabe",medimops,Deutschland,3.88,6
9783442457793,"Flieh, wenn du kannst",medimops,Deutschland,3.93,6
9783442487134,"Flieh, wenn du kannst: Roman",medimops,Deutschland,3.87,6
9783442487141,"Flieh, wenn du kannst: Roman",medimops,Deutschland,4.67,6
9783613023055,Porsche 924 - 944 - 968: Die technische Dokumentation der Transaxle-Modelle,medimops,Deutschland,26.91,6
9783701732401,Das Kraftwerk im Berg,Bookbot,Tschechien,93.6,6
9783765370007,Brockhaus - die Bibliothek,Bookbot,Tschechien,90.8,6
9783768808002,"Mercedes Benz 500 SEC, 600 SEC",Bookbot,Tschechien,90.7,6
9783775721004,In Paul Klees Zaubergarten,Bookbot,Tschechien,91.6,6
9783818600907,Tierspuren Europas -Language: german,GreatBookPricesUK,Vereinigtes Königreich,68.3,6
9783834331403,Ungewo?hnliche Motoren,Bookbot,Tschechien,90.4,6
9783836530088,Norman Mailer/Bert Stern. Marilyn Monroe,SecondSale,USA,44.17,6
9783884729007,"Der große Larousse Gastronomique. Das Standardwerk für Küche, Kochkunst, Esskultur.: 4000 Einträge, 1700 Fotos, 2500 Rezepte",online-buch-de,Schweiz,67.0,6
9783942656054,"Flieh, wenn du kannst",Bookbot,Tschechien,1.3,6
9783959390279,Winnie - die wahre Geschichte des beru?hmten Ba?ren,Bookbot,Tschechien,93.4,6
9784763680389,Pitti Pedia : International Black & White.,Librairie Vignes Online,Frankreich,90.0,6
9788461159000,"Dbook : density, data, diagrams, dwellings : a visual analysis of 64 collective housing projects = análisis visual de 64 proyectos de vivienda colectiva",Bookbot,Tschechien,94.1,6
9788485326044,Big Game Hunting in Central and Southern Europe,"Jay W. Nelson, Bookseller, IOBA",USA,55.09,6
9788829703234,Sandro Botticelli. Compianto sul Cristo morto. Ediz. italiana e inglese,libreriauniversitaria.it,Italien,11.4,6
9788836649129,Botticelli Il suo tempo e il nostro tempo,Libreria della Spada online,Italien,26.6,6
9788861301016,Anselm Kiefer,Smith Family Bookstore Downtown,USA,75.99,6
9788866480006,Filippino Lippi e Sandro Botticelli nella Firenze del '400,Miliardi di Parole,Italien,22.7,6
9789021891217,Gesammelte Schriften 1. Orientierung und Entscheidung,Bookbot,Tschechien,91.1,6
9789187896408,Josef Frank : Textile Designs,Bookbot,Tschechien,92.0,6
9789355399762,"April twilights, and other poems",moluna,Deutschland,16.83,6
9789510246627,Suomi-englanti-suomisanakirja (WSOY sanakirja),ThriftBooks-Dallas,USA,91.84,6
9780008433956,Silmarillion Illustrated Edition,GreatBookPricesUK,Vereinigtes Königreich,84.08,7
9780123869197,Herpetology: An Introductory Biology of Amphibians and Reptiles,Chiron Media,Vereinigtes Königreich,74.75,7
9780199235995,"Epictetus: Discourses, Book 1",Chiron Media,Vereinigtes Königreich,53.53,7
9780199559084,The Oxford handbook of Bayesian econometrics,Bookbot,Tschechien,85.0,7
9780321515261,GPU Gems 3: Programming Techniques for High-Performance Graphics and General-Purpose Computation,medimops,Deutschland,59.51,7
9780681219328,"Complete Novels of Jane Austen Volume Three (Northanger Abbey, Persuasion) 1996 Black Leather Tally Hall Press",Princeton Antiques Bookshop,USA,71.24,7
9780733605574,The Mozart Effect,Bookbot,Tschechien,85.52,7
9780754659068,Hellenistic and Roman Egypt : Sources and Approaches,Bookbot,Tschechien,87.9,7
9780897182072,HELP 3-6,Bookbot,Tschechien,85.9,7
9781302945084,BLACK PANTHER: THE EARLY YEARS OMNIBUS (CONAN THE BARBARIAN),Bookoutlet1,USA,57.93,7
9781407569819,Die großen Entdecker,Bookbot,Tschechien,1.3,7
9781509744114,ACCA Strategic Business Reporting,Bookbot,Tschechien,86.21,7
9781572972834,Warriors of Virtue 1: Yun and the Sea Serpent,ThriftBooks-Dallas,USA,42.22,7
9781845115418,An Anthology of Philosophy in Persia - Volume 1 : From Zoroaster to Omar Khayyam,Alhambra Books,Kanada,56.7,7
9781845170141,Madeira,Bookbot,Tschechien,86.47,7
9781854375186,Installation Art --- esaurito ----,Books Import Srl,Italien,30.0,7
9781873981108,English for Business,Bookbot,Tschechien,88.04,7
9783110282535,Proportional liability: analytical and comparative perspectives,Bookbot,Tschechien,85.3,7
9783200033627,Eseltraining - u?ber Sanftmut und Sturheit ins Vertrauen spiegeln,Bookbot,Tschechien,88.3,7
9783319908748,Finding Political Identities,moluna,Deutschland,75.3,7
9783422069589,Vom spa?tantiken Erbe zu den Anfa?ngen der Romanik (400-1000),Bookbot,Tschechien,84.4,7
9783473358304,Die grossen Religionen der Welt,Bookbot,Tschechien,2.1,7
9783484701267,Vorlesungen zur Phänomenologie des inneren Zeitbewußtseins,Versandantiquariat Felix Mücke,Deutschland,37.99,7
9783484701274,Vorlesungen zur Phänomenologie des inneren Zeitbewußtseins. Hrsg. von M. Heidegger. 2. Aufl.,Musikantiquariat Bernd Katzbichler,Deutschland,38.0,7
9783492116008,Philosophie I-III,Bookbot,Tschechien,87.13,7
9783502516880,Die großen Meisterdetektive,Bookbot,Tschechien,1.5,7
9783540707127,Stochastic Methods: A Handbook for the Natural and Social Sciences,Anybook.com,Vereinigtes Königreich,60.29,7
9783642324628,Endocytosis in plants,Bookbot,Tschechien,86.1,7
9783642526404,"Kolorimetrie und Spektralphotometrie: Eine Anleitung zur Ausführung von Absorptions-, Fluoreszenz- und Trübungsmessungen an Lösungen Eine Anleitung zur Ausführung von Absorptions-, Fluoreszenz- und Trübungsmessungen an Lösungen",NEPO UG,Deutschland,98.93,7
9783704360298,Die großen Luftschlachten des Zweiten Weltkriegs,Bookbot,Tschechien,2.47,7
9783787305971,Texte zur Phänomenologie des inneren Zeitbewusstseins 1893 - 1917,medimops,Deutschland,24.21,7
9783787324422,Zur Phänomenologie des inneren Zeitbewußtseins: Mit den Texten aus der Erstausgabe und dem Nachlaß (Philosophische Bibliothek),Bücherbazaar,Deutschland,26.88,7
9783828908048,Mystica. Die grossen Rätsel der Menschheit,Bookbot,Tschechien,2.1,7
9783833601156,Indien kulinarisch,medimops,Deutschland,6.75,7
9783836585118,Sebastião Salgado. Amazônia,moluna,Deutschland,66.58,7
9783868321418,ZeitTunnel: 2000 Jahre Köln im Spiegel der U-Bahn-Archäologie,medimops,Deutschland,11.44,7
9783881020879,Leben und werk der grossen Maler,Bookbot,Tschechien,2.0,7
9783901876110,Prozessoptimierung und analytische Personalbedarfsermittlung,Bookbot,Tschechien,84.4,7
9783927117013,Die Grossen und ihre Zeit Wolfgang Amadeus Mozart,Bookbot,Tschechien,1.4,7
9783936973693,Meisterwerke des Fahrradbaus,Bookbot,Tschechien,85.2,7
9783942240369,Gott hat mit mir etwas vorgehabt! Erinnerungen einer deutschen Sinteza« Herausgegeben von Jana Mechelhoff-Herezi und Uwe Neumärker Erinnerungen einer deutschen Sinteza,Antiquariat Mäander Quell,Deutschland,88.2,7
9786167339214,Thai Magic Tattoos. The Art and Influence of Sak Yant.,Bookbot,Tschechien,88.9,7
9788085739701,The History of European photography 1970-2000 A-U (2 svazky),Bookbot,Tschechien,88.98,7
9788682893745,Serbia: The Danube Basin,Bookbot,Tschechien,87.2,7
9788872805336,Rom und Vatikan: Heiliges Jahr 2000 mit zwei grossen Postern,Bookbot,Tschechien,1.7,7
9789024702275,"Zur Phänomenologie des inneren Zeitbewusstseins (1893-1917). Edmund Husserl. Hrsg. von Rudolf Boehm / Husserl, Edmund: Husserliana ; Bd. 10",Antiquariat  Udo Schwörer,Deutschland,90.0,7
9789058096050,Explosives and blasting technique,Bookbot,Tschechien,85.6,7
9789061824602,Rätsel des Kosmos,Bookbot,Tschechien,84.6,7
9789185213337,Nordic Architects,Broadleaf Books,Vereinigtes Königreich,28.94,7
9789401539463,"Zur Phänomenologie des Inneren Zeitbewusstseins (1893?1917) (Husserliana: Edmund Husserl ? Gesammelte Werke, 10) (German Edition)",Lucky's Textbooks,USA,395.77,7
9789603610403,Mission. Teacher's book. FCE 1,Bookbot,Tschechien,86.5,7
9780133000054,Finishing Touches,Bookbot,Tschechien,80.79,8
9780261673960,Soldiers of Evil. The Commandants of the Nazi concentration camp,Bookbot,Tschechien,82.61,8
9780262011280,Discrete Choice Theory of Product Differentiation,Porter and Frye,USA,79.79,8
9780266566502,Dem Good Ole Times Classic Reprint,PBShop.store UK,Vereinigtes Königreich,32.02,8
9780387989310,Advanced Mathematical Methods for Scientists and Engineers: Asymptotic Methods and Perturbation Theory,Greenway,USA,47.61,8
9780415160476,Dictionary of Turkic Languages,Carothers and Carothers,USA,33.25,8
9780817634612,Machinery of the Mind,Canal Bookyard,USA,23.75,8
9780817642426,Stochastic Calculus: Applications in Science and Engineering,Parabolic Books,USA,56.99,8
9780836991666,Dem Good Ole Times (Black Heritage Library Collection),mountain,USA,94.99,8
9780854881598,The Everyday,Bookbot,Tschechien,81.05,8
9781332415540,Dem Good Ole Times (Classic Reprint),Forgotten Books,Vereinigtes Königreich,16.44,8
9781409582090,See Inside the World of Shakespeare,WorldofBooks,Vereinigtes Königreich,21.68,8
9781499397185,Romeo und Julia auf dem Dorfe,medimops,Deutschland,3.18,8
9781499397246,Frau Regel Amrain und ihr Jüngster,medimops,Deutschland,3.18,8
9781499397512,Hadlaub,medimops,Deutschland,3.18,8
9781508614234,"Das Tagebuch, das Traumbuch und Reflexionen: Wenig bekannte Aufzeichnungen des jungen Gottfried Keller von wunderbar intimem Reiz",medimops,Deutschland,2.98,8
9781614285915,Ibiza Bohemia,Bookbot,Tschechien,81.77,8
9781779505842,JusticeLeaguebyScottSnyderBookTwoDeluxeEdition Format: Hardback,INDOO,USA,25.37,8
9781846864438,Bear at Work. Fun Activities,Bookbot,Tschechien,83.2,8
9781973931843,Romeo und Julia auf dem Dorfe: Volume 76 (Klassiker der Weltliteratur),medimops,Deutschland,2.95,8
9782845612419,La Rochelle : A city between towers,AwesomeBooks,Vereinigtes Königreich,81.05,8
9783122618308,"Kleider machen Leute. (Lernmaterialien) (Fiction, Poetry & Drama)",medimops,Deutschland,3.18,8
9783150061718,Pankraz der Schmoller,medimops,Deutschland,2.58,8
9783150061749,Frau Regel Amrain und ihr Jüngster,medimops,Deutschland,2.58,8
9783150061862,Sieben Legenden,medimops,Deutschland,3.11,8
9783150153130,Kleider machen Leute,Bookbot,Tschechien,1.0,8
9783150161258,Kleider machen Leute,Bookbot,Tschechien,0.92,8
9783421035875,Farbgestaltung Innenraum,Bookbot,Tschechien,83.9,8
9783423026376,Romeo und Julia auf dem Dorfe: Braunschweig 1856,medimops,Deutschland,3.18,8
9783453159655,Rezepte & Erinnerungen,HPB-Ruby,USA,29.14,8
9783454520300,"Klassische Schullektüre, Kleider machen Leute",medimops,Deutschland,2.58,8
9783464121351,Romeo und Julia auf dem Dorfe - Lehrerheft -,medimops,Deutschland,3.18,8
9783469004376,Moderne Seemacht. Zur Lage auf den Weltmeeren,medimops,Deutschland,5.06,8
9783507699977,Schroedel Lektüren: Gottfried Keller: Kleider machen Leute: Textausgabe,medimops,Deutschland,2.58,8
9783525310311,Der Krieg gegen den Westen,Bookbot,Tschechien,82.7,8
9783540798873,Preisbildung von Arzneimitteln im internationalen Vergleich.,Antiquariat Bookfarm,Deutschland,63.6,8
9783636072429,"Intelligente Rätsel-Spiele: So verbessern Sie Ihre Fähigkeit, logisch zu denken. Mit 33 neuen Rätseln",Studibuch,Deutschland,63.11,8
9783637886070,Romeo und Julia auf dem Dorfe: Band 19,medimops,Deutschland,3.18,8
9783642495366,Lehrbuch der Urologie und der Chirurgischen Krankheiten der Maennlichen Geschlechtsorgane,moluna,Deutschland,49.95,8
9783642510519,Lehrbuch der Urologie,moluna,Deutschland,54.99,8
9783662269961,Lehrbuch der Urologie,moluna,Deutschland,54.99,8
9783701703227,O?sterreichische Architektur im 20. Jahrhundert,Bookbot,Tschechien,81.1,8
9783764324575,"Die Leute Von Seldwyla 1: Birkha""user Klassiker",medimops,Deutschland,3.18,8
9783765311017,Brockhaus Enzyklopädie 1 (A-APT),Bookbot,Tschechien,4.0,8
9783765311031,Brockhaus Enzyklopädie 3 (BED-BRN),Bookbot,Tschechien,4.0,8
9783765311048,Brockhaus Enzyklopädie 4 (BRO-COS),Bookbot,Tschechien,4.0,8
9783765311079,Brockhaus Enzyklopädie 7 (EX-FRT),Bookbot,Tschechien,4.0,8
9783765311086,Brockhaus Enzyklopädie 8 (FRU-GOS),Bookbot,Tschechien,2.2,8
9783765311109,Brockhaus Enzyklopädie 10 (HERR-IS),Bookbot,Tschechien,2.2,8
9783765311116,Brockhaus Enzyklopädie 11 (IT-KIP),Bookbot,Tschechien,2.2,8
9783765311123,Brockhaus Enzyklopädie 12 (KIR-LAG),Bookbot,Tschechien,2.2,8
9783765311130,Brockhaus Enzyklopädie 13 (Lah-Maf),Bookbot,Tschechien,2.2,8
9783765311154,Brockhaus Enzyklopädie 15 (Moe-Nor),Bookbot,Tschechien,2.2,8
9783765311161,Brockhaus Enzyklopädie 16 (NOS-PER),Bookbot,Tschechien,2.2,8
9783765311185,Brockhaus Enzyklopädie18 (Rad-Rüs),Bookbot,Tschechien,2.2,8
9783765311192,Brockhaus Enzyklopädie,Bookbot,Tschechien,2.2,8
9783765311222,Brockhaus Enzyklopädie 22 (Tep-Ur),Bookbot,Tschechien,2.2,8
9783765311246,Brockhaus Enzyklopädie 24 (Wek-Zz),Bookbot,Tschechien,2.2,8
9783765336430,Der Brockhaus von A - Z. PHO-Z,Bookbot,Tschechien,1.6,8
9783765393853,Der Brockhaus 12. Roh-Ser,Bookbot,Tschechien,5.1,8
9783785576472,Armouron 6 - Verschwörung auf Planet Nu-Topia,Bookbot,Tschechien,82.0,8
9783785580875,Wings of Fire - Die Prophezeiung der Drachen: Band 1,medimops,Deutschland,13.46,8
9783806220537,Hessen Archäologie 2005,Bookbot,Tschechien,81.9,8
9783820451290,Der Nationalsozialismus als pa?dagogisches Problem,Bookbot,Tschechien,81.5,8
9783828975811,Für Dich - die schönsten Liebesgedichte [Audio-CD].,medimops,Deutschland,2.58,8
9783830013143,Naturbeziehung und perso?nliche Entwicklung,Bookbot,Tschechien,80.61,8
9783830051121,Rivalita?t in Konkurrentennetzwerken,Bookbot,Tschechien,81.3,8
9783843071062,Romeo und Julia auf dem Dorfe,medimops,Deutschland,2.58,8
9783851760101,Bertle,Bookbot,Tschechien,83.9,8
9783863354435,Malermeese-Meesermaler. Museum der Moderne Salzburg,Bookbot,Tschechien,80.8,8
9783866470521,Kleider machen Leute,medimops,Deutschland,2.97,8
9783869711997,Ursula,Bookbot,Tschechien,1.0,8
9783870248833,"Der Schmied seines Glücks, 1 Audio-CD",medimops,Deutschland,2.58,8
9783872910462,"Hamburger Lesehefte, Nr.47, Die drei gerechten Kammacher",medimops,Deutschland,2.58,8
9783872915177,Kleider machen Leute: Hamburger Leseheft plus Königs Materialien. (Hamburger Lesehefte PLUS),medimops,Deutschland,2.77,8
9783883757346,"Territories. Islands, Camps and other States of Utopia,",medimops,Deutschland,27.34,8
9783883798097,Die Leute von Seldwyla,Bookbot,Tschechien,1.01,8
9783884623251,Die karolingische Pfalzkapelle in Aachen,Bookbot,Tschechien,84.2,8
9783890602479,Baum-Yoga,Volker Ziesing,Deutschland,44.99,8
9783907509883,"Parkett No. 38 Ross Bleckner, Marlene Dumas",Black Dog Books,USA,26.13,8
9783922907497,Homeopathic Homotoxicological Repertory - Homotoxicological Materia Medica,Books From California,USA,113.99,8
9783933514820,Kleider machen Leute. 2 CDs.,medimops,Deutschland,2.58,8
9783938046562,Die Geisterseher. CD,medimops,Deutschland,2.58,8
9783980587686,generation fetish: Lee Higgs - Photographs Lee Higgs - Photographs,Antiquariat Jochen Mohr -Books and Mohr-,Deutschland,46.0,8
9788024421339,Pavel Vejvanovský and the Krom??í? Music Collection,Bookbot,Tschechien,80.61,8
9788846816665,Romeo und Julia auf dem Dorfe,medimops,Deutschland,2.58,8
9788846822765,Romeo Und Julia Auf Dem Dorfe & CD,medimops,Deutschland,2.58,8
9788870571349,Uffizi e Pitti,Bookbot,Tschechien,82.7,8
9789264185654,"Energy Policies of IEA Countries, 2000 Review",PsychoBabel & Skoob Books,Vereinigtes Königreich,14.21,8
9798736376636,Kleider machen Leute: Gottfried Keller,medimops,Deutschland,3.07,8
9780134176109,Photoshop LAB Color,Bookbot,Tschechien,80.25,9
9780175551354,English Grammar For Proficiency,dsmbooks,Vereinigtes Königreich,77.85,9
9780198117476,William Shakespeare: The Complete Works (The Oxford Shakespeare),medimops,Deutschland,4.2,9
9780198129264,William Shakespeare: The Complete Works ([The Oxford Shakespeare]),Ergodebooks,USA,10.9,9
9780198182726,The Complete Oxford Shakespeare: Volume I: Histories: 001 (The Oxford Shakespeare),WorldofBooks,Vereinigtes Königreich,5.46,9
9780198182733,The Complete Oxford Shakespeare: Volume II: Comedies: 002 (The Oxford Shakespeare),WorldofBooks,Vereinigtes Königreich,5.57,9
9780198182740,The Oxford Shakespeare: The Complete Oxford Shakespeare: Volume III: Tragedies,AwesomeBooks,Vereinigtes Königreich,5.4,9
9780198182849,Complete Works (Oxford Shakespeare),medimops,Deutschland,4.2,9
9780198711902,The Oxford Shakespeare: The Complete Works,WorldofBooks,Vereinigtes Königreich,3.45,9
9780198711919,The Complete Works (The Oxford Shakespeare),Modernes Antiquariat an der Kyll,Deutschland,9.99,9
9780199267170,The Oxford Shakespeare: The Complete Works,Buchpark,Deutschland,19.95,9
9780199267187,The Oxford Shakespeare. The Complete Works,Rheinberg-Buch Andreas Meier eK,Deutschland,24.8,9
9780199548903,The Oxford Handbook of Applied Bayesian Analysis,Bookbot,Tschechien,78.2,9
9780394736884,"A Blake Dictionary, The Ideas and Symbols of William Blake (S. Foster Damon, With a New Index by Morris Eaves)","GF Books, Inc.",USA,19.69,9
9780471359258,"The Professional Pastry Chef: Fundamentals of Baking and Pastry, 4th Edition",Hippo Books,USA,20.19,9
9780500270264,Blake Dictionary: Ideas and Symbols of William Blake,Berliner Büchertisch eG,Deutschland,8.94,9
9780525472889,A Blake Dictionary: The Ideas and Symbols of William Blake,BooksByLisa,USA,38.0,9
9780714844251,Isa Genzken,Galerie Buchholz OHG (Antiquariat),Deutschland,38.0,9
9780805812343,Conceptions of the Human Mind,Bookbot,Tschechien,78.6,9
9780824700560,"Expanding Indications for the New Macrolides, Azalides, and Streptogramins",Books Puddle,USA,55.17,9
9780847840212,Dolce and Gabbana Campioni,Bookbot,Tschechien,78.2,9
9780870570889,A Blake Dictionary : The Ideas and Symbols of William Blake,Better World Books,USA,48.86,9
9780874514360,A Blake Dictionary: The Ideas and Symbols of William Blake,Wizard Books,USA,66.89,9
9780993359101,A Pink Flamingo,Books for Amnesty Bristol,Vereinigtes Königreich,48.23,9
9781402058844,Acid Rain - Deposition to Recovery,books4less (Versandantiquariat Petra Gros GmbH & Co. KG),Deutschland,13.0,9
9781492832584,Haschisch,Revaluation Books,Vereinigtes Königreich,9.99,9
9781542614382,Haschisch: ErzÃ¤hlungen (German Edition) [Soft Cover ],booksXpress,USA,11.31,9
9781610690171,"Ethnic Groups of North, East, and Central Asia: An Encyclopedia (Ethnic Groups of the World)",Hippo Books,USA,59.63,9
9781611684438,A Blake Dictionary: The Ideas and Symbols of William Blake,Ergodebooks,USA,32.09,9
9781614288626,Palm Beach,Bookbot,Tschechien,76.62,9
9781849494694,Vogue on: Valentino Garavani (Vogue on Designers),WorldofBooks,Vereinigtes Königreich,32.49,9
9781857801811,Early Soviet Jet Bombers - Red Star Vol. 17,Southampton Books,USA,47.49,9
9781867429647,Reinforcment Learning. a Complete Guide 2021,Bookbot,Tschechien,77.24,9
9781882423125,Effective Phrases for Performance Appraisals,Bookbot,Tschechien,80.6,9
9783100515100,Van Gogh: Sein Leben,Fachbuch-Versandhandel,Deutschland,70.95,9
9783222121258,Staatskanzler Metternich und seine Gäste - die wiedergefundenen Miniaturen,medimops,Deutschland,29.23,9
9783319085470,Probabilistic Safety Assessment of WWER440 Reactors,Bookbot,Tschechien,80.2,9
9783411110148,"Meyers großes Taschenlexikon (24 svazk?, komplet)",Bookbot,Tschechien,78.96,9
9783484701250,Ideen zu einer reinen Phänomenologie und phänomenologischen Philosophie : allg. Einf. in d. reine Phänomenologie.,Antiquariat BehnkeBuch,Deutschland,15.0,9
9783706514149,O?sterreichs Außenpolitik der Zweiten Republik,Bookbot,Tschechien,77.1,9
9783717580379,"Der Krieg gegen Frankreich 1870-1871: Gesamtausgabe in 4 Bänden Bd. 1. Der Krieg gegen das Kaiserreich : bis Gravelotte, 18. August 1870 ; mit 32 Pl. d. Orig.-Ausg. Berlin 1873 - 1876 u. 20 Portr. nach Stichen d. Zeit",Antiquariat Mäander Quell,Deutschland,90.9,9
9783743702493,Haschisch:ErzÃ¤hlungen,Ria Christie Collections,Vereinigtes Königreich,14.4,9
9783743702509,Haschisch,moluna,Deutschland,16.8,9
9783775709095,Picasso - the Sculptures - Catalogue Raisonne,EGIDIUS ANTIQUARISCHE BOEKHANDEL,Niederlande,70.0,9
9783784105888,Streitobjekt Jugendhilfe,Bookbot,Tschechien,79.73,9
9783787310944,"Ideen zu einer reinen Phänomenologie und phänomenologischen Philosophie. Erstes Buch: Allgemeine Einführung in die reine Phänomenologie, Nachwort (1930).",Antiquariat Hieronymus,Deutschland,38.0,9
9783787319190,Ideen zu einer reinen Phänomenologie und phänomenologischen Philosophie,sinnvoll24,Deutschland,24.9,9
9783800140558,Der landwirtschaftliche Betrieb,Bookbot,Tschechien,78.4,9
9783847236412,Haschisch,Smartbuy,Deutschland,9.9,9
9783848766987,Ikonisches Wissen,Bookbot,Tschechien,76.4,9
9783850933919,Ernst Brandl und das Penicillin V: Schwazer Kostbarkeiten 11,medimops,Deutschland,4.61,9
9783851327649,"Vom Intimen. Fern der lärmenden Liebe,",modernes antiquariat f. wiss. literatur,Deutschland,38.0,9
9783852180373,"DADA 21 / 22. Musikalische Fischsuppe mit Reiseeindrücken. Eine Dokumentation über die beiden Dadajahre in Tirol & & Ein Fortsatz: Gerald Nitsche, DADA und danach.",Heinrich Heine Antiquariat oHG,Deutschland,40.0,9
9783898409278,Haschisch E.A.Poes phantastische Bibliothek 7,Storisende Versandbuchhandlung,Deutschland,9.95,9
9783898801058,Porsche 924 & 944. Mit vier Zylindern zum Erfolg,Celler Versandantiquariat,Deutschland,37.0,9
9783900323479,Haschisch,Book Deals,USA,255.25,9
9783900602062,Ausgelöscht - Vom Leben der Juden in Mödling,medimops,Deutschland,74.86,9
9783935567480,Albert Oehlen: 1991 2008,ThriftBooks-Dallas,USA,69.82,9
9783950150100,Alvar Aalto: Möbel. Die Sammlung Kossdorff,Bookbot,Tschechien,76.5,9
9783950264883,"Die k.k.St.B. Triebfahrzeuge. Die Triebfahrzeuge der k.k. österreichischen Staatsbahnen. Band 4, Die Reihen 83 bis 100, Schmalspur- und nicht mit Dampf betriebene Bauarten",Bookbot,Tschechien,77.9,9
9783954982158,Die Ernestiner: Eine Dynastie prägt Europa,medimops,Deutschland,18.49,9
9783966621212,Ideen zu einer reinen Phänomenologie und phänomenologischen Philosophie : Allgemeine Einführung in die reine Phänomenologie,AHA-BUCH GmbH,Deutschland,42.0,9
9783969650110,TERRA MAXIMA: Atlas der Superlative,Chiron Media,Vereinigtes Königreich,46.1,9
9788026856139,Haschisch,moluna,Deutschland,8.98,9
9788027251001,Haschisch,Revaluation Books,Vereinigtes Königreich,11.75,9
9788027364251,Haschisch: Phantastische Erzählungen,Smartbuy,Deutschland,7.6,9
9789024702190,Ideen zu einer reinen Phänomenologie und phänomenologischen Philosophie. Drittes Buch,Buchhandlung Bücken,Deutschland,39.0,9
9789356708631,Haschisch: ErzÃ¤hlungen,Ria Christie Collections,Vereinigtes Königreich,15.41,9
9780007190904,Collins World Atlas,WeBuyBooks 2,Vereinigtes Königreich,26.19,10
9780262521987,English Syntax - 2nd Edition,Midtown Scholar Bookstore,USA,1.77,10
9780273714910,Brilliant Life Coach: 10 Inspirational Steps to Transform Your Life (Brilliant Lifeskills),WorldofBooks,Vereinigtes Königreich,0.92,10
9780443029370,Fractures and Joint Injuries. Volume II,Bookbot,Tschechien,74.0,10
9780500290507,Typography: (E) (Graphic Design in Context),WorldofBooks,Vereinigtes Königreich,4.41,10
9780521564816,Global Biodiversity Assessment,ThriftBooks-Atlanta,USA,43.11,10
9780751362145,Barbie: A Visual Guide to the Ultimate Fashion Doll,WorldofBooks,Vereinigtes Königreich,12.54,10
9780810946033,Slim Aarons: Once Upon A Time,Goodwill Industries of VSB,USA,39.34,10
9780849378027,"Introduction to Neurobehavioral Toxicology: Food and Environment (Handbooks in Pharmacology and Toxicology, 51)",Phatpocket Limited,Vereinigtes Königreich,69.07,10
9780854881611,Appropriation : Documents of Contemporary Art,Marcus Campbell Art Books,Vereinigtes Königreich,60.29,10
9781137478207,"Leveraged Exchange-Traded Funds: A Comprehensive Guide to Structure, Pricing, and Performance",Lucky's Textbooks,USA,48.13,10
9781567182675,Legend,Bookbot,Tschechien,73.2,10
9781632365200,Welcome to the Ballroom 7,Bookbot,Tschechien,75.2,10
9781853321580,"Beyond reason. Art and psychosis ; works from the Prinzhorn Collection. [Publ. by the occasion of the exhibition ""Beyond reason.Art and Psychosis .5.Dec.1996-23 Febr.1997.A version of this exhib., entitled La Beauté Insensée, was shown at the Palais des Beaux-Arts,Charleroi,Belgium, 14. Oct.1995-28. Jan.1996.Other recent showings.:Wahnsinnige Schönheit, Schloss Heidelberg, 30.March-28.April1996; La Collection Prinzhorn, Collection de l'Art Brut, Lausanne,11 June-22 Sept.1996;Wahnsinnige Schönheit,Kulturgeschichtliches Museum Osnabrück, 6. April-1. June 1997.",Antiquariat Bookfarm,Deutschland,46.6,10
9781856699372,Hide and Seek,Bookbot,Tschechien,76.2,10
9782608239990,"City- NT, Neues testament für Regensburg",Bookbot,Tschechien,3.4,10
9782804474751,MORAL RIGHTS IN THE 21ST CENTURY: The Changing Role of Moral Rights in an Era of Information Overload,Amazing Book Company,Vereinigtes Königreich,48.23,10
9782911596346,Tadao Ando,Bookbot,Tschechien,76.2,10
9783326000831,Allgemeine Relativitätstheorie Eine Einführung in die Theorie des Gravitationsfeldes,Buchpark,Deutschland,66.82,10
9783417256208,Neues Testament und Psalmen,Bookbot,Tschechien,2.4,10
9783417261066,Das Buch. Neues Testament,Bookbot,Tschechien,27.4,10
9783424350845,Gru?ne Philosophie,Bookbot,Tschechien,74.9,10
9783437222610,Public Health,Bookbot,Tschechien,76.0,10
9783438015525,Die gute Nachricht : Altes und Neues Testament,Bookbot,Tschechien,1.6,10
9783438026316,Gute Nachricht Neues Testament,Bookbot,Tschechien,3.3,10
9783451189883,Die Bibel : Altes und Neues Testament : Einheitsübersetzung,Bookbot,Tschechien,8.59,10
9783540282655,Breast Cancer Management and Molecular Medicine,Buchpark,Deutschland,22.9,10
9783625134411,"Das große Kräuterlexikon: 1000 Kräuter, Heilpflanzen und Gewürze im Porträt",medimops,Deutschland,11.87,10
9783629010773,Die Bibel des 20. Jahrhunderts : Altes und Neues Testament,Bookbot,Tschechien,10.7,10
9783700180234,Kaltblutpferde im Spiegel der Wissenschaft,Bookbot,Tschechien,74.2,10
9783701401895,Feindfahrten. Das Logbuch eines U-Bootfunkers.,Eugen Friedhuber KG,Österreich,15.0,10
9783705901971,Jugendstil in Graz,Bookbot,Tschechien,73.5,10
9783742879738,"Real-Encyclopädie der gesammten Pharmacie: Handwörterbuch für Apotheker, Ärzte und Medicinalbeamte : Handwörterbuch für Apotheker, Ärzte und Medicinalbeamte",AHA-BUCH,Deutschland,28.47,10
9783744630573,"Real-Encyclopädie der gesammten Pharmacie: Handwörterbuch für Apotheker, Ärzte und Medizinalbeamte (German Edition)",Lucky's Textbooks,USA,56.04,10
9783777426259,Die großen Schnitzalta?re,Bookbot,Tschechien,76.0,10
9783829568173,Grands nus,Bookbot,Tschechien,75.4,10
9783832793463,Back Stage Dior Foreword & Fashion By John Galliano,Elefante de los Libros,Spanien,58.0,10
9783833151408,Ars Sacra,Bookbot,Tschechien,68.9,10
9783836585606,Witchcraft. The Library of Esoterica,Welcome Back Books,USA,32.57,10
9783853651872,"Das Gulasch-Kochbuch: Alte und neue Rezepte Dippelreither, Reinhard",BUCHSERVICE / ANTIQUARIAT Lars Lutzer,Deutschland,69.95,10
9783861500537,Plastic People. Songbuch,medimops,Deutschland,48.51,10
9783884622728,Die Chorfenster der St. Marienkirche in Frankfurt (Oder),Bookbot,Tschechien,73.29,10
9783900633073,Das grosse Fleischbuch. Band 1,Bookbot,Tschechien,75.2,10
9783969210031,Der Sommer 1893 in Spillville,Big River Books,USA,43.63,10
9784861522840,Another Scale of Architecture,Bookbot,Tschechien,74.78,10
9787800478598,Cartier Treasures,Bookbot,Tschechien,76.1,10
9788070356135,"Kaiser Karl IV., 1316-2016",Bookbot,Tschechien,73.4,10
9780007144082,"The Lord of the Rings and the Hobbit (Modern Classic Set, 4 PBs in slipcase)",Durdles Books (IOBA),Vereinigtes Königreich,26.53,11
9780226769332,"The Complete Works: Handbook, Discourses, and Fragments",Kennys Bookshop and Art Galleries Ltd.,Irland,49.44,11
9780393542240,Essentials of Comparative Politics with Cases,BooksRun,USA,64.08,11
9780415762151,Ontological Security in International Relations,Blackwell's,Vereinigtes Königreich,56.66,11
9780908802357,Secret Power. New Zealand's Role in the International Spy Network.,Phoenix Books NZ,Neuseeland,46.59,11
9780942299434,Formless : a user's guide,Bookbot,Tschechien,71.7,11
9780945454236,The Hermeneutics of Sacred Architecture,Bookbot,Tschechien,71.9,11
9780990422402,CLOG: Rem,ThriftBooks-Dallas,USA,69.32,11
9781614287810,The Wine in the Sky Questionnaire,Bookbot,Tschechien,71.9,11
9781937518493,10 Years of Swiss Rules of International Arbitration: ASA Special Series No. 44,Ammareal,Frankreich,54.99,11
9783170329300,Grundriss der Psychologie: Entwicklungspsychologie der Kindheit: Von der Geburt bis zum 12. Lebensjahr (Urban-Taschenbücher),medimops,Deutschland,30.29,11
9783499108389,Gabriela wie Zimt und Nelken,Bookbot,Tschechien,71.3,11
9783593386249,Führen mit dem Big-Five-Persönlichkeitsmodell - Handelsblatt: Das Instrument für optimale Zusammenarbeit (Handelsblatt - Erfolgreich führen),Studibuch,Deutschland,43.93,11
9783642434099,Linear Algebra and Geometry,moluna,Deutschland,44.67,11
9783800139248,Biologische Invasionen. Neophyten und Neozoen in Mitteleuropa. Mit einem Beitr. von Peter Boye. 73 Zeichnungen. 76 Tabellen.,Buchparadies Rahel-Medea Ruoss,Schweiz,49.9,11
9783816810315,Einkommensteuer,Démons et Merveilles,Frankreich,19.7,11
9783825241636,Themenorientierte Literaturdidaktik: Helden im Mittelalter: Konzept und Praxisbeispiele,Studibuch,Deutschland,28.66,11
9783831007400,"Inka, Maya und Azteken",Bookbot,Tschechien,72.5,11
9783836287005,"Heimautomation mit KNX, Dali, 1-Wire und Co.",GreatBookPricesUK,Vereinigtes Königreich,47.75,11
9783853490983,Sommervillen im Salzkammergut,Bookbot,Tschechien,71.5,11
9783874951326,"Johannes, das große Evangelium, 11 Bde., Ln, Bd.2",Antiquariat BuchX,Deutschland,60.0,11
9783878601722,Im Lichte der Wahrheit - Gralsbotschaft Band I,biblion2,Deutschland,56.86,11
9783879757510,Ein neues Akkumulationsregime,Bookbot,Tschechien,71.3,11
9783898600422,"FCI Hunderassen, MiniAtlas [Gebundene Ausgabe] Dominik Kieselbach Petra Caspelherr Elke Peper Hunde Hunderassen Rassehunde VDH dogs Hobbytierhaltung",BUCHSERVICE / ANTIQUARIAT Lars Lutzer,Deutschland,69.95,11
9783899841039,Fachlexikon Immobilienwirtschaft (erw. Aufl. inkl. Online-Zugang),Studibuch,Deutschland,15.16,11
9783906390666,Scent and Chemistry,Bookbot,Tschechien,70.89,11
9783929305784,Gradieren,Bookbot,Tschechien,65.0,11
9783950278675,Coufstein. Kueffstain. Kufstein,Bookbot,Tschechien,70.3,11
9783990270752,Freie Folge,Bookbot,Tschechien,72.5,11
9788391698785,"Fangor, prace na papierze w kolorze, works on paper in color",Bookbot,Tschechien,72.5,11
9789027202819,New Perspectives on Endangered Languages,Bookbot,Tschechien,71.3,11
9789834303860,"Robert Kalina, The Man Behind The Euro",Bookbot,Tschechien,70.8,11
9789987667017,Zanzibar Style,Bahamut Media,Vereinigtes Königreich,9.41,11
9780007950300,A Game of Thrones. The Graphic Novels 1-4,Bookbot,Tschechien,69.1,12
9780030037344,Alternativen,Bookbot,Tschechien,69.3,12
9780304330034,May I Help You?: Course for Hotel Restaurant and Bar Staff (English in tourism),Phatpocket Limited,Vereinigtes Königreich,46.0,12
9780415126243,The metaphoric process: connections between language and life,Bookbot,Tschechien,69.8,12
9780415339568,Understanding International Art Markets And Management,Bookbot,Tschechien,67.8,12
9780462004464,ACHIEVE TOEIC+CD,AG Library,Spanien,43.99,12
9780545010221,Harry Potter and the deathly Hallows - Buch 7,medimops,Deutschland,4.2,12
9780563369844,From A to B: Tales of Modern Motoring,Dreadnought Books,Vereinigtes Königreich,60.29,12
9780582204133,Captain John Smith and Virginia,Bookbot,Tschechien,67.8,12
9780700711970,Encyclopedia of the World's Endangered Languages (Curzon Language Family Series),"Powell's Bookstores Chicago, ABAA",USA,37.76,12
9780714894270,Kunst und Körper,Précipice,Schweiz,66.13,12
9780747542988,"Rowling, Joanne K., Vol.1 : Harry Potter and the Philosopher's Stone; Harry Potter und der Stein der Weisen, englische Ausgabe",medimops,Deutschland,3.57,12
9780747549505,Harry Potter 3 and the Prisoner of Azkaban,medimops,Deutschland,4.37,12
9780747549604,Harry Potter 2 and the Chamber of Secrets,medimops,Deutschland,4.24,12
9780747551003,Harry Potter and the Order of the Phoenix,medimops,Deutschland,4.02,12
9780747554660,Fantastic Beasts and Where to Find Them. Comic Relief Edition (Harry Potter's Schoolbooks),medimops,Deutschland,2.58,12
9780747554714,Quidditch Through the Ages. Comic Relief Edition (Harry Potter's Schoolbooks),medimops,Deutschland,4.23,12
9780747558194,Harry Potter and the Philosopher's Stone: Celebratory Edition,medimops,Deutschland,3.63,12
9780747581086,Harry Potter and the Half-Blood Prince: Children's Edition,medimops,Deutschland,4.02,12
9780747591054,Harry Potter and the Deathly Hallows (Harry Potter 7),medimops,Deutschland,4.02,12
9780747591061,Harry Potter and the Deathly Hallows (Harry Potter 7) (Adult Edition),medimops,Deutschland,4.02,12
9780751565355,Harry Potter and the Cursed Child - Parts I & II (Special Rehearsal Edition): The Official Script Book of the Original West End Production,medimops,Deutschland,3.63,12
9780751565362,Harry Potter and the Cursed Child - Parts One and Two: The Official Playscript of the Original West End Production,medimops,Deutschland,3.63,12
9780785136552,Daredevil: Born Again,Bookbot,Tschechien,69.4,12
9780817637958,Fractal Geometry in Architecture & Design,A Squared Books (Don Dewhirst),USA,56.93,12
9781405278454,The Adventures Of Tintin (Book Collection),BoundlessBookstore,Vereinigtes Königreich,68.73,12
9781408834992,Harry Potter and the Goblet of Fire,medimops,Deutschland,4.1,12
9781408841709,Harry Potter & The Deathly Hallows,medimops,Deutschland,4.23,12
9781408855669,Harry Potter 2 and the Chamber of Secrets,medimops,Deutschland,4.24,12
9781493218424,SAP S/4hana Management Accounting Certification Guide: Application Associate Exam,ThriftBooks-Dallas,USA,44.1,12
9781563673283,"The Practical Guide To Patternmaking For Fashion Designers: Juniors, Misses, And Women",Revaluation Books,Vereinigtes Königreich,60.28,12
9781844650262,Jean-Luc Nancy and the future of philosophy,Bookbot,Tschechien,67.5,12
9781848856264,Fortresses of the Intellect: Ismaili and Other Islamic Studies in Honour of Farhad Daftary,Midtown Scholar Bookstore,USA,41.5,12
9781870049443,Nine Inch Nails. A Tear Out Photo Book,Bookbot,Tschechien,67.9,12
9781913620561,The Devil is leaving his Cave,Phototitles Limited,Vereinigtes Königreich,40.52,12
9782070518425,Harry Potter à l'école des Sorciers,medimops,Deutschland,4.14,12
9782070524556,"Harry Potter, tome 2 : Harry Potter et la Chambre des secrets",medimops,Deutschland,3.63,12
9782070528189,"Harry Potter, tome 3 : Harry Potter et le Prisonnier d'Azkaban (Harry Potter (French))",medimops,Deutschland,3.86,12
9782070545803,"Rencontre avec J.K. Rowling, l'auteur de Harry Potter",medimops,Deutschland,3.44,12
9782070612376,Harry Potter 2 et la chambre des secrets (Folio Junior),medimops,Deutschland,4.38,12
9782070643035,Harry Potter 2 et la chambre des secrets,medimops,Deutschland,3.63,12
9782075074209,Harry Potter 8 : Harry Potter et l'enfant maudit,medimops,Deutschland,4.09,12
9783407364920,Handbuch Management in der Weiterbildung,Bookbot,Tschechien,68.71,12
9783527325108,Anatomie und Physiologie,Studibuch,Deutschland,23.31,12
9783531147239,Ausw?rtiges Amt: Diplomatie als Beruf (German Edition),SecondSale,USA,62.63,12
9783534270699,Christen im Nahen Osten: Zwischen Martyrium und Exodus,Studibuch,Deutschland,36.08,12
9783551359261,Harry Potter: Die Märchen von Beedle dem Barden / Wilharm: Ein Klassiker aus der Zaubererwelt von Harry Potter,medimops,Deutschland,4.38,12
9783551553027,"Harry Potter, Magisches Tagebuch (rot)",medimops,Deutschland,4.06,12
9783551553195,"Harry Potter, Taschenkalender (m. Filmfotos)",medimops,Deutschland,3.18,12
9783580634308,"Mentor Interpretationshilfe zu J. K. Rowling ""Harry Potter and the Philosopher's Stone"" - Personen Hintergrund Interpretation",medimops,Deutschland,3.95,12
9783662298114,"Lehrbuch der Ohren-, Nasen-, Rachen- und Kehlkopf-Krankheiten",moluna,Deutschland,54.99,12
9783775717786,Yearning for beauty,Bookbot,Tschechien,67.8,12
9783822857267,Leonardo da Vinci: Sämtliche Gemälde und Zeichnungen,Bookbot,Tschechien,68.52,12
9783841901903,So wenig Design wie möglich,Buchhandlung Steinbergerhof,Österreich,38.0,12
9783854152972,Beziehungsreicher Alltag,Bookbot,Tschechien,68.52,12
9783864060441,Ein Tropfen Zeit,Bookbot,Tschechien,69.36,12
9783867171212,Harry Potter 6 und der Halbblutprinz,medimops,Deutschland,4.02,12
9783895848339,Harry Potter und die Kammer des Schreckens. Bd. 2. 8 Cassetten,medimops,Deutschland,4.35,12
9783895848926,"Harry Potter und der Feuerkelch (Bd. 4), Cassetten, Teil 2",medimops,Deutschland,4.29,12
9783899102727,Meine Lieblingsrezepte,Bookbot,Tschechien,68.4,12
9783933928337,Der Herzkreis,Bookbot,Tschechien,69.11,12
9783937872162,Etymologisches Wörterbuch der botanischen Pflanzennamen,Versandantiquariat Bernd Keßler,Deutschland,24.0,12
9788020703675,Prague panoramic,Bookbot,Tschechien,67.9,12
9788080792244,Schülerduden. Die Geographie,Bookbot,Tschechien,1.5,12
9788375761627,Tatry,Bookbot,Tschechien,69.11,12
9780008325398,Sanditon: & Other Stories (Collins Classics),WorldofBooks,Vereinigtes Königreich,0.92,13
9780199596317,The Oxford Handbook of Philosophy of Mind (Oxford Handbooks),Prior Books Ltd,Vereinigtes Königreich,32.56,13
9780262610261,A Fortran Coloring Book,Easy Chair Books,USA,34.2,13
9780313289200,Cultural conflict and the Swedish sexual myth,Bookbot,Tschechien,65.5,13
9780943972480,Night of the Grizzlies,HPB Inc.,USA,22.13,13
9780945454212,The Hermeneutics of Sacred Architecture. Vol. 1,Bookbot,Tschechien,66.3,13
9780991638611,Advanced WebLogic Server Automation: Administration and Monitoring with WLST and JMX (Oracle In-Focus Series),Isle Books,USA,23.24,13
9780993090899,The Supermarine Swift: A Technical Guide (Airframe Detail #4).,Decal Supply Corps,USA,18.94,13
9781581606881,Sigmund Ringeck's Knightly Art of the Longsword,2nd Life Books,USA,62.49,13
9781844165360,Legion (The Horus Heresy): No. 7,WeBuyBooks,Vereinigtes Königreich,29.97,13
9783446459113,Programmieren trainieren,Bookbot,Tschechien,65.36,13
9783447062992,Hellmuth Felmy,Bookbot,Tschechien,66.9,13
9783662553220,Gesteinskunde: Ein Leitfaden für Einsteiger und Anwender,Revaluation Books,Vereinigtes Königreich,57.3,13
9783701705658,Architektur ohne Architekten,Bookbot,Tschechien,65.9,13
9783716509456,H. A. Sigg. Vitraux et peinture. Le Temple réformé de Fribourg. Farbfenster und Malerei. Reformierte Kirche Freiburg.,Bookbot,Tschechien,65.4,13
9783766718259,Das Farbwo?rterbuch,Bookbot,Tschechien,66.0,13
9783775709675,Erich Wonder: Stage Design,SecondSale,USA,46.46,13
9783854470083,"Café Hawelka, ein Wiener Mythos",Bookbot,Tschechien,65.6,13
9783854474852,Ferdinand Georg Waldmu?ller,Bookbot,Tschechien,66.7,13
9783859950832,Die Bibel. Heilige Schrift des Alten und des Neuen Testaments,Bookbot,Tschechien,9.9,13
9783896026095,Lindenstraße. 1000 Folgen in Text und Bild.,Neusser Buch & Kunst Antiquariat,Deutschland,50.0,13
9783898123440,"Berlin, mit Bitte um Weisung",Bookbot,Tschechien,66.8,13
9783898805551,"Das Original Porsche 924, 944, 968",Bookbot,Tschechien,65.45,13
9783898805742,Lamborghini,Bookbot,Tschechien,66.8,13
9783899392135,Living 2019/2020 (English and German Edition) [Hardcover ],booksXpress,USA,22.07,13
9783901753312,Ein Garten fu?r das 21. Jahrhundert,Bookbot,Tschechien,65.4,13
9783902406781,"Ich weiß es nicht, wohin die Engel fliegen ."". Lieder und Texte.",Buchhandlung Gerhard Höcher,Österreich,16.8,13
9783950061208,Kunstlexikon,Bookbot,Tschechien,65.7,13
9783980114905,Beitra?ge zur Genese des germanischen Buntsandsteins,Bookbot,Tschechien,65.8,13
9788090332843,Czech Republic,AwesomeBooks,Vereinigtes Königreich,39.92,13
9789004424661,The East Asian Modern Girl,Bookbot,Tschechien,65.9,13
9780007180561,Green Eggs and Ham and Other Stories Jigsaw Book (Dr Seuss Jigsaw Book),Brit Books,Vereinigtes Königreich,59.33,14
9780195305920,Did Dogen Go to China?: What He Wrote and When He Wrote It,Anybook.com,Vereinigtes Königreich,59.07,14
9780241292525,The Order of Time,WorldofBooks,Vereinigtes Königreich,38.45,14
9780521606738,Ship Or Sheep? Book And Audio Cd Pack: An Intermediate Pronunciation Course,Hamelyn,Spanien,4.74,14
9780958280921,Eyebody,Bookbot,Tschechien,47.6,14
9781292214290,"Operating Systems: Internals and Design Principles, Global Edition",College Books Shop,USA,60.97,14
9781416402329,Children with Autism Spectrum Disorders,Bookbot,Tschechien,65.2,14
9781444941944,How To Train Your Dragon Collection - 10 Books,WeBuyBooks,Vereinigtes Königreich,30.02,14
9781506707464,God of War,Goodwill Books,USA,49.66,14
9781621005117,Soil Amino Acids,PBShop.store UK,Vereinigtes Königreich,51.57,14
9781902109350,Early Soviet Jet Fighters,suffolkbooks,USA,34.97,14
9781933578903,"FYI: For Your Improvement - Competencies Development Guide, 6th Edition",tttkelly1,USA,50.28,14
9782917781685,TRAVEL BOOK PARIS (Dutch Edition),Gallix,Frankreich,55.0,14
9783000091735,Aktien a? la carte,Bookbot,Tschechien,64.2,14
9783030024611,"(Almost) Impossible Integrals, Sums, and Series",AHA-BUCH GmbH,Deutschland,45.65,14
9783100870162,Cahiers. Hefte 6,Bookbot,Tschechien,64.9,14
9783351036607,Das ist unser Haus,Bookbot,Tschechien,64.39,14
9783404143368,DER HEXER-ZYKLUS.,INFINIBU KG,Deutschland,7.57,14
9783422073326,Nürnberg als Kunstzentrum des Heiligen Römischen Reiches,Bookbot,Tschechien,64.7,14
9783426522066,Peripherie: Roman,medimops,Deutschland,15.29,14
9783446124257,Geschichte der Eisenbahnreise,Bookbot,Tschechien,64.0,14
9783517012841,Bentley Continental R,Bookbot,Tschechien,63.9,14
9783636013293,"Strategy Safari. Eine Reise durch die Wildnis des strategischen Managements Manager Magazin Edition [Hardcover] Strategie Safari Ökonomie Wirtschaftswissenschaften BWL Betriebswirtschaft Unternehmen Stragtegisches Management Strategie-Diskussion Strategie-Entwicklung Strategisches Management Beruf Finanzen Wirtschaft Henry Mintzberg (Autor), Bruce Ahlstrand (Autor), Joseph Lampel (Autor)",BUCHSERVICE / ANTIQUARIAT Lars Lutzer,Deutschland,59.95,14
9783642204838,How lawyers think,Bookbot,Tschechien,65.3,14
9783704604095,Wiener Blut oder Die Ehre der Strizzis,Bookbot,Tschechien,65.36,14
9783795429461,Bavaria. Land at the heart of Europe,Berliner Büchertisch eG,Deutschland,29.99,14
9783836292542,React: Das umfassende Handbuch für moderne Frontend-Entwicklung. Mit vielen Praxisbeispielen ? Neue Ausgabe 2023,Studibuch,Deutschland,44.68,14
9783836449168,How Corporate Culture is Influenced by National Culture - Using the Example of South Korea and Samsung,Lucky's Textbooks,USA,48.15,14
9783850284462,Osttirol,Bookbot,Tschechien,65.3,14
9783850580229,Isaak Moscheles,Book Broker,Deutschland,61.99,14
9783874399074,Branded Interactions: Lebendige Markenerlebnisse für eine neue Zeit,Studibuch,Deutschland,58.37,14
9783899192292,Klimt,Bookbot,Tschechien,64.07,14
9783924696832,Astoria. Aus dem Englischen. 3 in 1 Bd. (Nachdruck der Originalausgabe Frankfurt 1837).,Matthaeus Truppe Antiquariat,Österreich,58.8,14
9783929305975,Schnittkonstruktionen Haka Grundwissen,Bookbot,Tschechien,65.0,14
9783936314441,"Kisho Kurokawa, Metabolism and symbiosis, Metabolismus und Symbiosis",Bookbot,Tschechien,64.9,14
9783954530120,Vegan for Fit - Attila Hildmanns 30-Day Challenge: Vegetarian and cholesterol free for a new healthy body,Goodwill Books,USA,4.49,14
9783981234442,Fake holidays,Bookbot,Tschechien,64.9,14
9787517900702,World Heritage in China,Bookbot,Tschechien,64.0,14
9788070352397,Václav Bro?ík: 1851-1901 (anglicky),Bookbot,Tschechien,64.9,14
9788086217208,The Photographer Franti?ek Drtikol,Bookbot,Tschechien,64.0,14
9788426399588,BIOLOGÍA Y GEOLOGÍA 1º BACHILLERATO,Librerias Prometeo y Proteo,Spanien,47.15,14
9788466816656,Richmond Practice Tests for Flyers,Bookbot,Tschechien,63.9,14
9788859603115,Villa Permoli di Tomerello. Recupero e conservazione di un edificio storico della campagna toscana. L'Hotel Granducato. Recovery and maintenance of a period building of the Tuscan countryside. The Hotel Granducato,Libro Co. Italia Srl,Italien,33.6,14
9780241004289,"Resistance. The Underground War in Europe, 1939-45",Bookbot,Tschechien,62.2,15
9780671252090,Bloodstar,"Heights Catalogues, Books, Comics",USA,85.49,15
9780702072000,"Medical Microbiology: A Guide to Microbial Infections: Pathogenesis, Immunity, Laboratory Investigation and Control, 19e",Chiron Media,Vereinigtes Königreich,51.62,15
9780749560621,AA Caravan and Camping Britain 2009 (AA Lifestyle Guides),WeBuyBooks,Vereinigtes Königreich,0.92,15
9780753723227,Lady Gregory's Complete Irish Mythology,WorldofBooks,Vereinigtes Königreich,39.55,15
9780824796976,Hormone-Dependent Cancer,Bookmonger.Ltd,USA,27.09,15
9780861043002,Northern Ireland: The Orange State,BoundlessBookstore,Vereinigtes Königreich,36.18,15
9780877734185,I Ching Mandelas. A Program of Study for the Book of Changes,Libereso,Niederlande,31.9,15
9781107649040,Compact First. Student's Book with Answers,Bookbot,Tschechien,62.0,15
9781607614036,Live Cell Imaging,Bookbot,Tschechien,63.8,15
9781614287773,Turquoise Coast,Bookbot,Tschechien,62.1,15
9781780761329,Between Reason and Revelation : Twin Wisdoms Reconciled,GreatBookPricesUK,Vereinigtes Königreich,52.23,15
9781787332201,Death in Her Hands: Ottessa Moshfegh,AproposBooks&Comics,Vereinigtes Königreich,5.97,15
9781844165490,Battle for the Abyss (8) (The Horus Heresy),HPB Inc.,USA,15.15,15
9781844168842,"The First Heretic: Fall to Chaos (Warhammer 40,000 Novels: Horus Heresy)",JMCbooksonline,Kanada,23.75,15
9781849704168,Mark of Calth,Bookbot,Tschechien,62.2,15
9781860648762,Surviving the Mongols,Bookbot,Tschechien,62.2,15
9782493428103,BLOODSTAR,Gallix,Frankreich,25.0,15
9783035622959,Josef Hoffmann (1870-1956). Fortschritt durch Scho?nheit,Bookbot,Tschechien,63.06,15
9783318059779,Diagnosis and therapy of Tattoo complications,Bookbot,Tschechien,62.5,15
9783411176212,Das Lexikon für Österreich in 20 Bänden,Bookbot,Tschechien,2.1,15
9783458171867,Gesammelte Werke: in fünf Bänden,Bookbot,Tschechien,63.8,15
9783465039532,"Thomas Mann - Stefan Zweig. Briefwechsel, Dokumente Und Schnittpunkte",Bookbot,Tschechien,62.4,15
9783518294758,Das erschöpfte Selbst: Depression und Gesellschaft in der Gegenwart (suhrkamp taschenbuch wissenschaft),medimops,Deutschland,14.05,15
9783540641001,Proton Therapy and Radiosurgery,Bookbot,Tschechien,63.8,15
9783552053397,Der Wille zum Schein,Bookbot,Tschechien,63.7,15
9783577015622,Bertelsmann Universal Lexikon,Bookbot,Tschechien,2.6,15
9783577038911,Bertelsmann-Lexikon. Band 11 Nob-Potp,Bookbot,Tschechien,2.4,15
9783631433492,Kontinuita?t und Diskontinuita?t der bildungspolitischen und pa?dagogischen Planungen aus Widerstand und Exil im Bildungswesen der BRD und DDR,Bookbot,Tschechien,62.3,15
9783662591246,Handbuch Ernährungskommunikation,AHA-BUCH GmbH,Deutschland,59.99,15
9783720523837,Schro?dingers Katze,Bookbot,Tschechien,62.0,15
9783772501173,Der musikalische Bau des Menschen: Entwurf einer plastisch-musikalischen Menschenkunde,medimops,Deutschland,35.1,15
9783785284292,Spiegel des Himmels - das Vermächtnis der Götter; die Entschlüsselung der großen Menschheitsrätsel.,buchlando-buchankauf,Deutschland,57.05,15
9783785565773,Der gläserne Fluch,medimops,Deutschland,13.46,15
9783787543045,Fu?hrungsgrundsa?tze und Fu?hrungsinstrumente,Bookbot,Tschechien,63.1,15
9783805333221,Rad und Wagen,Phatpocket Limited,Vereinigtes Königreich,31.5,15
9783806224009,Hessen Archäologie 2009,Bookbot,Tschechien,62.1,15
9783824010639,AnwaltFormulare Zivilprozessrecht,Antiquariat BuchX,Deutschland,44.6,15
9783836552097,Theodore de Bry. America,Bookbot,Tschechien,63.0,15
9783836593489,Harry Benson : The Beatles,GreatBookPricesUK,Vereinigtes Königreich,42.71,15
9783865730497,Transfer von Expertenwissen,Bookbot,Tschechien,62.0,15
9783868520293,Audi Quattro: Eine Hommage an die Allrad-Legende aus Ingolstadt Jeremy Walton und Dorko Michael Rybiczka,Bookbot,Tschechien,62.2,15
9783868940497,Entwicklungspsychologie,Bookbot,Tschechien,63.4,15
9783886310395,Bloodstar.,Antiquariat am St. Vith,Deutschland,22.5,15
9783932753572,Chirurgie im Kindesalter,Bookbot,Tschechien,62.9,15
9788086062112,The Legend of Bohemian Glass,Bookbot,Tschechien,59.3,15
2900013290246,Richard Serra: Nova Scotia Drawings,"Strand Book Store, ABAA",USA,71.24,16
9780132465519,Kleppner's Advertising Procedure,Bookbot,Tschechien,60.7,16
9780194598705,English File: Elementary: Workbook with iChecker Without Key (Book & Merchandise),CitiRetail,Vereinigtes Königreich,40.99,16
9780275937430,"Public Opinion, The Press, and Public Policy",Bookbot,Tschechien,61.95,16
9780711919518,"A Book of Songwords, The Cure 1978-1989",Bookbot,Tschechien,60.77,16
9780781791175,Diseases of the Breast,Anybook.com,Vereinigtes Königreich,7.7,16
9780879681746,THE COMPLETE WORKS OF FRIEDRICH NIETZSCHE: [Vol. 2]: Early Greek Philosophy & Other Essays,Ancient World Books,Kanada,68.39,16
9780979223907,MATLAB STUD.VERS.W/SIMULINK 20,HPB-Red,USA,23.29,16
9781016666091,"Friedrich Nietzsche, his Life and Work",THE SAINT BOOKSTORE,Vereinigtes Königreich,43.42,16
9781016670913,"Friedrich Nietzsche, his Life and Work",PBShop.store US,USA,34.59,16
9781113152060,"Friedrich Nietzsche, his life and work",Revaluation Books,Vereinigtes Königreich,41.81,16
9781113152077,"Friedrich Nietzsche, his life and work",Revaluation Books,Vereinigtes Königreich,45.42,16
9781119061595,"Healthcare Simulation Education: Evidence, Theory and Practice",Textbooks_Source,USA,48.06,16
9781333931827,Friedrich Nietzsche His Life and Work Classic Reprint,PBShop.store US,USA,22.73,16
9781445660318,Charles Brandon: Henry VIII's Closest Friend,WorldofBooks,Vereinigtes Königreich,14.47,16
9781566320962,I will fear no evil,ThriftBooks-Dallas,USA,10.1,16
9781573312431,Gas Hydrates: Challenges for the Future (Annals of the New York Academy of Sciences),Wonder Book,USA,18.99,16
9781573830966,I Cannot Forgive,Bookbot,Tschechien,61.1,16
9781592293810,Production Variance Analysis in SAP Controlling,Bookbot,Tschechien,60.9,16
9781841101118,Breast calcification. A Diagnostic Manual,Bookbot,Tschechien,61.58,16
9781979537506,Early Greek Philosophy & Other Essays : Friedrich Nietzsche,GreatBookPrices,USA,9.52,16
9782352504689,Scale Modelling World War I Tanks,Bookbot,Tschechien,60.7,16
9782904105012,Dictionnaire de l'aeronautique et de l'espace t.2 - Francais-Anglais. (Dictionary of Aeronautics and Space Technology volume 2: French to English (French Edition)),Book Moose,USA,30.4,16
9783039500215,Das schwierige Kind homöopathisch behandelt,medimops,Deutschland,5.19,16
9783214028619,Mediengesetz (MedienG) Manz-Taschenausgaben,books4less (Versandantiquariat Petra Gros GmbH & Co. KG),Deutschland,2.95,16
9783216301147,"Denn sie wußten, was sie tun. Zeichnungen und Aufzeichnungen aus dem KZ Mauthausen.","Henry Hollander, Bookseller",USA,23.75,16
9783433031322,Glasbau 2016 (German Edition),MusicMagpie,Vereinigtes Königreich,13.04,16
9783484101494,Das Nibelungenlied,Bookbot,Tschechien,61.3,16
9783530656558,Das gesamte Werk in zehn Bänden,medimops,Deutschland,22.15,16
9783548750958,"Buffettologie: Intelligent investieren an der Börse mit Warren Buffett Buffett, Clark",BUCHSERVICE / ANTIQUARIAT Lars Lutzer,Deutschland,51.39,16
9783642194689,Autonomous Cooperation and Control in Logistics. Contributions and Limitations - Theoretical and Practical Perspectives.,Antiquariat im Hufelandhaus GmbH  vormals Lange & Springer,Deutschland,11.7,16
9783791707785,Opfer und Mahl,Bookbot,Tschechien,60.59,16
9783825280789,Pflanzensoziologie ; Grundlagen und Methoden,Roland Antiquariat UG haftungsbeschränkt,Deutschland,52.0,16
9783836283519,Raspberry Pi -Language: german,GreatBookPricesUK,Vereinigtes Königreich,42.63,16
9783850284486,Osttirol,Bookbot,Tschechien,16.1,16
9783863354664,Book About Collecting and Exhibiting Conceptual Art After Conceptual Art,GreatBookPricesUK,Vereinigtes Königreich,47.86,16
9783900478001,Nelkenstrauss ruft Praterstern. Am Beispiel Österreich: Funktion und Arbeitsweise geheimer Nachrichtendienste in einem neutralen Staat,medimops,Deutschland,66.9,16
9783901384417,Ein Verkehrsweg erschließt die Alpen,Bookbot,Tschechien,61.2,16
9783901551802,Ein Verkehrsweg erschließt die Alpen,Bookbot,Tschechien,61.2,16
9783940601162,Land der Entdeckungen,Bookbot,Tschechien,60.57,16
9787119071831,China.,Worpsweder Antiquariat,Deutschland,48.0,16
9788022412612,Tumour Hypoxia: Molecular Mechanisms and Clinical Implications,Bookbot,Tschechien,61.9,16
9788877432995,Greek cities of Magna Graecia and Sicily,Bookbot,Tschechien,60.5,16
9789813201118,Problems Book for Probabilistic Methods for the Theory of Structures with Complete Worked Through Solutions,Lucky's Textbooks,USA,46.5,16
9780124045576,CCTV,Bookbot,Tschechien,59.51,17
9780198165347,Johann Sebastian Bach: The Learned Musician,Invicta Books  P.B.F.A.,Vereinigtes Königreich,36.18,17
9780500519349,Dior Catwalk The Complete Collections,PBShop.store UK,Vereinigtes Königreich,49.11,17
9780679420156,"BROTHER LOVE: Murder, Money, and a Messiah",ZBK Books,USA,55.77,17
9780731389001,"Modern Boy, Modern Girl: Modernity in Japanese Art, 1910-1935",Lectioz Books,Australien,43.85,17
9780760365977,Shelby Mustang: The Total Performance Pony Car,ReadAmericaBooks,USA,47.49,17
9780811860475,The Eiffel Tower Restaurant Cookbook: Capturing the Magic of Paris,Front Cover Books,USA,176.18,17
9780941419970,Eumeswil,Bookbot,Tschechien,60.0,17
9780974621432,Appropriate,Bookbot,Tschechien,58.9,17
9781119874867,The Official (ISC)2 SSCP CBK Reference,SecondSale,USA,50.81,17
9781285849485,Spotlight on First Student's Book + DVD-ROM,AwesomeBooks,Vereinigtes Königreich,18.23,17
9781441931870,Advanced Mathematical Methods for Scientists and Engineers I,moluna,Deutschland,55.78,17
9781461482130,Oocyte Biology in Fertility Preservation,Bookbot,Tschechien,60.0,17
9781742705156,Gelato Messina. The Recipes,Bookbot,Tschechien,60.4,17
9781858738291,Neuroplasticity and a New Approach to the Pathophysiology of Depression,medimops,Deutschland,14.06,17
9781879003347,Ellen Gallagher: Preserve,Ivy Ridge Books/Scott Cranin,USA,38.0,17
9783038235484,Über Félix Vallotton. Aufsätze aus 40 Jahren Forschungstätigkeit,Versand-Antiquariat Dr. Gregor Gumpert,Deutschland,39.0,17
9783424151558,Taketina + DVD: Die heilsame Kraft rhythmischer Urbewegungen. 160-minütige DVD mit Rhythmusreisen zum Mitmachen,Volker Ziesing,Deutschland,59.99,17
9783426292389,Das Denken ist ein wilder Affe,Bookbot,Tschechien,58.8,17
9783440118931,TTouch fu?r Hunde,Bookbot,Tschechien,60.4,17
9783472540090,Bildungsreform als Revision des Curriculum und ein Strukturkonzept für Curriculumentwicklung,Antiquariat Bookfarm,Deutschland,54.9,17
9783486579505,"Das ""Ahnenerbe"" Der SS 1935-1945. Ein Beitrag zur Kulturpolitik des Dritten Reiches",Antiquariaat Hovingh,Niederlande,55.0,17
9783613014251,Sportliches Pistolenschießen. Training und Wettkampf mit den erfolgreichsten Sportschützen der Welt.,Antiquariat Uwe Berg,Deutschland,58.0,17
9783829568005,Orient 1904 - 1930,Bookbot,Tschechien,58.8,17
9783832175931,Miroslav Tichý,Bookbot,Tschechien,60.2,17
9783850020947,Ein Requiem in Rot- Weiß- Rot,grunbu - Ökologisch & Express-Buchversand,Deutschland,32.99,17
9783864904196,Security fu?r Data-Warehouse- und Business-Intelligence-Systeme,Bookbot,Tschechien,59.8,17
9783868285239,Augen auf!,Bookbot,Tschechien,59.0,17
9783879090761,"Der Johanniter-Orden. Der Malteser-Orden. Der ritterliche Orden des hl. Johannes vom Spital zu Jerusalem. Seine Aufgaben, seine Geschichte.",Antiquariat Güntheroth,Deutschland,55.0,17
9783881991094,Franzo?sische Ku?che,Bookbot,Tschechien,60.4,17
9783898217910,Alice Salomon und der Beginn sozialer Berufsausbildung,AHA-BUCH GmbH,Deutschland,24.9,17
9783899103472,Jewels today,Bookbot,Tschechien,60.0,17
9783900000554,Female,Studibuch,Deutschland,23.74,17
9783903004351,Malpractice: Painting 2013 - 2015,Bookbot,Tschechien,60.4,17
9783934825703,Das Internat von Barrowhill,Studibuch,Deutschland,33.14,17
9783937683225,Afrika. Stolz & Vorurteile. Le monde diplomatique / Edition LMD ; No. 5,Allgäuer Online Antiquariat,Deutschland,25.0,17
9783942888523,Trading full circle,Bookbot,Tschechien,59.25,17
9788385632337,Zamki S?la?ska / Schlösser in Schlesien,Bookbot,Tschechien,58.9,17
9788887029598,Pradasphere,Bookbot,Tschechien,59.5,17
9788972975229,Choreography of Architectural Space,medimops,Deutschland,5.75,17
9789460582103,The 500 hidden secrets of Prague,Bookbot,Tschechien,59.6,17
4026411110103,Am Jenseits (Die Orient-Erzählungen),medimops,Deutschland,3.63,18
9780007525775,The Hobbit - The Desolation of Smaug Chronicles,Bookbot,Tschechien,58.4,18
9780198366430,Oxford English for Cambridge Primary Student Book 6 (OP PRIMARY SUPPLEMENTARY COURSES),tLighthouse Books,USA,26.05,18
9780241433553,Key Words with Peter and Jones. 36 books,Bookbot,Tschechien,58.2,18
9780632060467,The Treatment of Epilepsy,Bookbot,Tschechien,57.7,18
9780715630624,Beria - My Father : Inside Stalin's Kremlin,Better World Books,USA,49.51,18
9780857092434,Calcium and Chemical Looping Technology for Power Generation and Carbon Dioxide (Co2) Capture,Bookbot,Tschechien,56.8,18
9780950838007,On Terrorism and the State: The theory and practice of terrorism divulged for the first time,Amnesty Bookshop - Brighton,Vereinigtes Königreich,54.26,18
9780970888488,Marlene Dumas: Selected Works,"Robert S. Brooks, Bookseller",USA,35.63,18
9781292227955,Roadmap A2+ Students' Book With Digital Resources & App (Paperback),CitiRetail,Vereinigtes Königreich,51.84,18
9781788451390,Jamie Smart's Bunny vs. Monkey,Better World Books Ltd,Vereinigtes Königreich,10.06,18
9781845454623,Victor Turner and Contemporary Cultural Performance,Bookbot,Tschechien,56.8,18
9781854091185,The Fokker Triplane,Zoom Books Company,USA,28.21,18
9781937518134,Arbitral Institutions Under Scrutiny,Bookbot,Tschechien,58.3,18
9783000633676,Regulation 1169/2011 Food Information for Consumers a short expert commentary,medimops,Deutschland,14.18,18
9783030542580,"The Algorithm Design Manual, 3rd edition",Sizzler Texts,USA,47.45,18
9783131053831,Histaminintoleranz - Histamin und Seekrankheit,Bookbot,Tschechien,57.2,18
9783131162632,Erfahrungen mit dem Bobath-Konzept: Grundlagen - Behandlung - Fallbeispiele,medimops,Deutschland,53.99,18
9783196012071,SICHER! AKTUELL B2.1 KB+AB+CD-AUDIO,Librerias Prometeo y Proteo,Spanien,28.35,18
9783355013697,Am Jenseits,Bookbot,Tschechien,2.2,18
9783442157389,Alles im Kopf behalten: Mit lockerem Hirnjogging zur Gedächtnismeisterschaft - Mit einem Vorwort von Dr. Gunther Karsten,Studibuch,Deutschland,46.1,18
9783462008425,Jenseits von Eton. England auf dem Weg in die Gegenwart,medimops,Deutschland,3.63,18
9783512002458,Die humane Gesellschaft : jenseits von Kapitalismus u. Kommunismus; [ein gesellschaftspolit. Forum mit Karl Steinbuch in d. Evang. Akad. Bad Boll am 24. u. 25. Juni 1972]. Beitr. von Karl Steinbuch [u. a.]. Hrsg. von Klaus Lubkoll u. Kurt Naumann,Der Buchecker,Deutschland,0.92,18
9783531141411,"Dimensionen politischer Korruption: Beiträge zum Stand der internationalen Forschung (Politische Vierteljahresschrift Sonderhefte, 35) (German Edition)",Lucky's Textbooks,USA,32.19,18
9783662573334,Kompendium der Psychiatrischen Pharmakotherapie,grunbu - Ökologisch & Express-Buchversand,Deutschland,24.86,18
9783702011130,Masken im Alpenraum -Language: german,GreatBookPricesUK,Vereinigtes Königreich,27.25,18
9783702234225,Nationalpark Hohe Tauern - Pflanzen,Bookbot,Tschechien,56.9,18
9783747505441,Python 3,GreatBookPricesUK,Vereinigtes Königreich,47.85,18
9783765461637,Madeira,Bookbot,Tschechien,57.54,18
9783770166183,Frankreich - Der Südwesten,Pukkiware,Deutschland,57.5,18
9783780200259,Am Jenseits,Bookbot,Tschechien,3.3,18
9783780205254,Am Jenseits. Klassische Meisterwerke,Versandantiquariat Felix Mücke,Deutschland,1.29,18
9783785707487,Ich war Maos Leibarzt. Die persönlichen Erinnerungen des Dr. Li Zhisui an den Großen Vorsitzenden. Mit Anne F. Thurston,medimops,Deutschland,23.4,18
9783786701019,Der leuchtende Tag,Gerald Wollermann,Deutschland,45.5,18
9783799902076,Informationen aus dem Jenseits,medimops,Deutschland,4.33,18
9783800040254,"Am Jenseits : Reiseerzählung. [Hrsg. von E. A. Schmid]. May, Karl: Karl-May-Taschenbücher ; T 25",Der Buchecker,Deutschland,0.99,18
9783800040506,"In Mekka: Fortführung von Karl Mays Reiseerzählung ""Am Jenseits""",medimops,Deutschland,4.16,18
9783826385247,Pareys Blumenbuch: Blütenpflanzen Deutschlands und Nordwesteuropas,medimops,Deutschland,15.26,18
9783838302003,Elecronic Procurement: Impact on Procurement Performance,Bookbot,Tschechien,57.8,18
9783854393931,Lieblingsorte der Wiener,Bookbot,Tschechien,56.8,18
9783881997706,Am Jenseits,Bookbot,Tschechien,1.7,18
9783886808533,Die Insel der Kannibalen: Stalins vergessener Gulag Stalins vergessener Gulag,Book Broker,Deutschland,39.99,18
9783898453462,Über den Tod und das Leben im Jenseits,medimops,Deutschland,5.6,18
9783920722184,"Michael Wittmann, erfolgreichster Panzerkommandant im Zweiten Weltkrieg und die Tiger der Leibstandarte SS Adolf Hitler (German Edition)",Zoom Books Company,USA,41.3,18
9783926318978,Arnold Böcklin,Bookbot,Tschechien,57.75,18
9783934628366,Traum und Welterleben im antiken Mesopotamien,ISD LLC,USA,56.04,18
9788023857054,Ko?áry Schustala - Kop?ivnice,Bookbot,Tschechien,57.1,18
9788090288324,Current Practice of Tips,Rob the Book Man,USA,24.79,18
9788380492769,Hen: Na pÃ Â ?nocy Norwegii,WorldofBooks,Vereinigtes Königreich,57.86,18
9789814302548,Sacred Tattoos of Thailand,Bookbot,Tschechien,57.6,18
9788087958032,Hravá angli?tina (bez elektronické tu?ky),Bookbot,Tschechien,14.26,19
